ID,Word,Meaning,Mastery,Rank
1,provide,提供する、与える,D,1
2,merchant,商人,D,1
3,needle,針,D,1
4,fasten,（ベルトなどを）締める,D,1
5,mental,心［精神］の,D,1
6,object,目的、物体、反対する,D,1
7,produce,生産する、制作する、（集合的に）農産物,D,1
8,progress,進展、進歩する,D,1
9,finished,仕上がった、終わった,D,1
10,oxygen,酸素,D,1
11,alive,生きている,D,1
12,own,所有する,D,1
13,recommend,推薦する,D,1
14,diplomacy,外交,D,1
15,rainfall,降雨,D,1
16,rise,上がる、生じる,D,1
17,admirable,賞賛に値する,D,1
18,structure,構造、枠組み,D,1
19,upstairs,階上へ［で］,D,1
20,observatory,観測所、天文台、気象台,D,1
21,herbivore,草食動物,D,1
22,exercise,練習（問題）、体操、運動する、鍛える,D,1
23,lava,溶岩,D,1
24,territory,領地、地域,D,1
25,imagine,想像する,D,1
26,usage,使用法,D,1
27,grain,穀物、（砂などの）粒、木目,D,1
28,adopt,採用する,D,1
29,investment,投資,D,1
30,proposal,申し入れ,D,1
31,tool,道具、ツール,D,1
32,vibration,振動,D,1
33,previous,前の、以前の,D,1
34,treatment,扱い,D,1
35,scissors,（複数形で）はさみ,D,1
36,fireplace,暖炉,D,1
37,folk,民衆、人々,D,1
38,involve,巻き込む,D,1
39,poet,詩人,D,1
40,passenger,乗客、旅客,D,1
41,wage,賃金,D,1
42,ancestor,先祖,D,1
43,interrupt,さえぎる、妨害する,D,1
44,bank,土手、銀行,D,1
45,recover,回復する,D,1
46,carve,刻む,D,1
47,exclaim,叫ぶ、非難する,D,1
48,herb,（香草や薬草などの）ハーブ,D,1
49,hesitate,躊躇する、ためらう,D,1
50,X-ray,（通例〜s）X線,D,1
51,grass,芝生、草、牧草,D,1
52,undertake,請け合う、着手する,D,1
53,recognize,認識する、認める,D,1
54,accomplish,成し遂げる、果たす,D,1
55,fond,好んで,D,1
56,tend,〜の傾向がある,D,1
57,discussion,議論,D,1
58,humid,湿気のある,D,1
59,island,島,D,1
60,permanent,（半）永久的な、永続する,D,1
61,scholar,学者,D,1
62,later,後ほど、より最近の,D,1
63,fine,洗練された、申し分のない,D,1
64,carbon,炭素,D,1
65,decision,決定,D,1
66,broad,広い,D,1
67,freeze,凍る,D,1
68,creative,創造的な,D,1
69,furthermore,さらに,D,1
70,sufficient,十分な,D,1
71,affluent,豊富な,D,1
72,increase,増加する,D,1
73,cheerfully,にこやかに,D,1
74,nearly,ほとんど,D,1
75,water,（植物などに）水をやる,D,1
76,skill,技能,D,1
77,illness,病気,D,1
78,vote,投票、投票する,D,1
79,saw,のこぎり,D,1
80,indeed,本当に、実に,D,1
81,require,要求する、必要とする,D,1
82,describe,述べる、記述する,D,1
83,parcel,小包,D,1
84,apparent,明らかな,D,1
85,official,公式の,D,1
86,navy,（しばしば the 〜）海軍,D,1
87,sign,サインする、署名する,D,1
88,odor,匂い、香気,D,1
89,scent,香り,D,1
90,suppose,仮定する,D,1
91,brochure,小冊子、パンフレット,D,1
92,calm,穏やかな,D,1
93,tuition,授業料、指導、教授,D,1
94,trial,試み、裁判,D,1
95,countryside,（通例 the 〜）田園地帯、田舎,D,1
96,clerk,事務員、フロント係,D,1
97,independence,独立,D,1
98,past,過去、過去の,D,1
99,sculpture,彫像,D,1
100,habitat,（動物や植物の）生息域,D,1
101,unable,〜できない,D,1
102,tissue,（細胞の）組織,D,1
103,package,小包,D,1
104,aroma,香り、香気、気品,D,1
105,resemble,似ている,D,1
106,generate,生み出す、発生させる,D,1
107,complain,文句［苦情］を言う,D,1
108,compete,競争する,D,1
109,landscape painting,風景画,D,1
110,blow,（風の）一吹き、（風が）吹く,D,1
111,religion,宗教,D,1
112,act,法令、行動,D,1
113,instantly,即座に,D,1
114,resist,抵抗する,D,1
115,typical,典型的な,D,1
116,formal,公式の,D,1
117,equipment,機器、装置,D,1
118,excuse,言い訳、許す,D,1
119,fever,熱,D,1
120,restrict,制限する,D,1
121,available,利用可能な,D,1
122,divide,分ける,D,1
123,economic,経済（上）の,D,1
124,discover,発見する,D,1
125,priest,聖職者,D,1
126,basic,基本の,D,1
127,resume,再開する,D,1
128,edition,（本などの）版,D,1
129,traffic,交通,D,1
130,distant,距離の離れた、遠い,D,1
131,prevent,妨げる、防ぐ,D,1
132,occupy,占める,D,1
133,maize,トウモロコシ,D,1
134,channel,チャンネル、海峡,D,1
135,victim,犠牲者,D,1
136,BCE,紀元前,D,1
137,voyage,航海,D,1
138,honor,名誉,D,1
139,wonder,驚く、不思議に思う,D,1
140,halt,止まる,D,1
141,corner,角,D,1
142,politician,政治家,D,1
143,democracy,民主主義,D,1
144,brave,勇敢な,D,1
145,gene,遺伝子,D,1
146,register,登録する,D,1
147,boring,退屈な,D,1
148,feature,特徴,D,1
149,major,専攻科目、主要な,D,1
150,wrap,包む,D,1
151,airflow,気流,D,1
152,modest,謙虚な,D,1
153,dangerous,危険な,D,1
154,poetry,詩、韻文,D,1
155,strict,厳しい、厳格な,D,1
156,succeed,成功する、跡を継ぐ,D,1
157,elect,選挙する、選ぶ,D,1
158,ashamed,恥ずかしい,D,1
159,role,役割,D,1
160,insist,主張する,D,1
161,declare,表明する、宣言する,D,1
162,achieve,達成する,D,1
163,consider,よく考える,D,1
164,warn,警告する,D,1
165,quite,全く、かなり,D,1
166,annoy,悩ます、いら立たせる,D,1
167,mathematics,数学,D,1
168,forecast,予報、予報する,D,1
169,publish,出版する、公表する,D,1
170,carnivore,肉食動物,D,1
171,useless,役に立たない,D,1
172,feed,餌をやる、養う,D,1
173,summit,頂上、首脳会談,D,1
174,fortunate,幸運な,D,1
175,waterproof,防水の,D,1
176,orbit,軌道、〜の周りを回る,D,1
177,demand,要求する,D,1
178,shallow,浅い,D,1
179,secure,安全な,D,1
180,garment,衣服,D,1
181,governor,知事、総裁、長官,D,1
182,pursue,追い求める,D,1
183,trap,捕まえる,D,1
184,revolution,革命,D,1
185,experience,経験、経験する,D,1
186,raw,生の,D,1
187,shortly,じきに,D,1
188,offend,気分を損なう,D,1
189,present,提出する、贈呈する、贈り物,D,1
190,aggressive,積極的な、攻撃的な,D,1
191,tribe,種族,D,1
192,faithful,忠実な,D,1
193,donate,寄贈する,D,1
194,sociable,社交的な,D,1
195,bay,湾,D,1
196,realize,認識する,D,1
197,load,積み荷、負担、（荷などを）積む,D,1
198,trust,信頼、委託、信頼する,D,1
199,secret,秘密の,D,1
200,rhythm,リズム,D,1
201,settle,定住する,D,1
202,continue,継続する,D,1
203,atlas,地図帳,D,1
204,complaint,不平、苦情,D,1
205,reply,返答する、返事,D,1
206,count,数える,D,1
207,real,実際の、現実の,D,1
208,electronic,電子の,D,1
209,fragment,破片、ばらばらにする,D,1
210,marsh,沼、湿地,D,1
211,trend,傾向,D,1
212,right,権利、正しいこと,D,1
213,vary,変更する、多様にする,D,1
214,author,著者、作者,D,1
215,nebula,星雲,D,1
216,routine,日常の、決まり切った,D,1
217,annual,毎年の、1年ごとの,D,1
218,courage,勇気,D,1
219,algae,（海藻などの）藻類,D,1
220,emphasize,強調する,D,1
221,civic,市民の,D,1
222,bright,輝いている、明るい,D,1
223,actual,実際の,D,1
224,escape,逃れる、逃亡、脱出,D,1
225,growth,成長,D,1
226,tragedy,悲劇,D,1
227,permit,許可する、認める,D,1
228,believe,信じる、思う,D,1
229,union,同盟、労働組合,D,1
230,fellow,友達、特別研究員,D,1
231,disaster,災害,D,1
232,task,業務、仕事、タスク,D,1
233,coast,海岸,D,1
234,difference,相違,D,1
235,numerous,たくさんの、多数の,D,1
236,guess,推測する、推測,D,1
237,biodiversity,生物多様性,D,1
238,convenient,便利な,D,1
239,safety,安全,D,1
240,efficient,効率的な,D,1
241,agriculture,農業,D,1
242,grab,つかむ,D,1
243,patient,患者、忍耐強い,D,1
244,force,力、武力、軍隊、強いる,D,1
245,primitive,原始的な,D,1
246,final,最後の,D,1
247,trash,ごみ,D,1
248,awful,恐ろしい,D,1
249,division,分離、部門,D,1
250,modern,現代的な,D,1
251,repeat,繰り返す,D,1
252,plant,工場（施設）、植物,D,1
253,meanwhile,その間に,D,1
254,opinion,意見,D,1
255,thirsty,喉の乾いた,D,1
256,crime,犯罪,D,1
257,stable,安定した、馬小屋,D,1
258,occur,起こる,D,1
259,actress,女優,D,1
260,dust,ほこり,D,1
261,throw,投げる,D,1
262,connect,連結する,D,1
263,crop,（しばしば〜s）作物,D,1
264,toe,つま先,D,1
265,flag,衰える、（草木が）しおれる、旗,D,1
266,hostage,人質,D,1
267,fee,料金、謝礼,D,1
268,committee,委員会,D,1
269,blood,血,D,1
270,motif,主題、モチーフ、テーマ,D,1
271,elderly,年配の、（the 〜）年配の人たち,D,1
272,store,貯蔵する、店、貯蔵,D,1
273,state,状態、（しばしば S-）国家、（通例 S-）州,D,1
274,ceremony,儀式,D,1
275,beehive,ハチの巣,D,1
276,attitude,態度、気持ち、考え,D,1
277,election,選挙,D,1
278,doubt,疑い、疑う,D,1
279,internal,内部の,D,1
280,compare,比べる、比較する,D,1
281,harbor,港,D,1
282,media,（the 〜）マスメディア、マスコミ,D,1
283,invest,投資する,D,1
284,plate,板、食器類,D,1
285,Atlantic Ocean,（the 〜）大西洋,D,1
286,stock,備蓄、株、ストック,D,1
287,wrinkle,（通例 〜s）しわ,D,1
288,raise,上げる、育てる,D,1
289,shave,（ひげなどを）そる,D,1
290,surface,表面,D,1
291,spectacle,光景,D,1
292,playing field,競技場,D,1
293,rate,比率、（為替などの）レート,D,1
294,commerce,商業,D,1
295,exception,例外,D,1
296,blossom,花、開花,D,1
297,surprise,驚き、驚かせる,D,1
298,elementary,初歩の,D,1
299,performance,公演、実行,D,1
300,selfish,利己的な,D,1
301,nightmare,悪夢,D,1
302,origin,起源、（川などの）源,D,1
303,repair,修理する,D,1
304,finance,財政,D,1
305,evaluate,評価する,D,1
306,evidence,証拠,D,1
307,discount,割引する、軽視する,D,1
308,sure,確信した,D,1
309,graduate,卒業する、大学の卒業生,D,1
310,hurt,傷つける,D,1
311,obtain,手に入れる,D,1
312,fork,（川などが）分岐する、フォーク,D,1
313,passage,通行、（文章などの）一節、通路,D,1
314,glory,栄光,D,1
315,primate,霊長類、大司教,D,1
316,invite,招待する,D,1
317,remind,思い出させる,D,1
318,uniform,均一の、一定の、制服,D,1
319,refuse,拒否する,D,1
320,thin,薄い,D,1
321,property,（通例 〜ties）特質、財産,D,1
322,confident,自信がある,D,1
323,advertisement,広告,D,1
324,disagree,意見が合わない,D,1
325,ability,能力,D,1
326,deficit,赤字,D,1
327,tear,（通例 〜s）涙、裂く,D,1
328,throat,喉,D,1
329,virus,ウイルス,D,1
330,responsible,責任のある,D,1
331,artifact,人工遺物、加工品,D,1
332,reduce,減少する、縮小する,D,1
333,direction,方向,D,1
334,punctual,時間に正確な,D,1
335,wing,翼、（空港の）ウイング,D,1
336,contribute,寄与する,D,1
337,vehicle,（車などの）乗り物,D,1
338,abundant,豊富な,D,1
339,plural,複数の,D,1
340,birth,誕生,D,1
341,protest,抗議する、主張する,D,1
342,enormous,非常に大きな,D,1
343,environment,環境,D,1
344,action,行動、作用,D,1
345,surround,囲む,D,1
346,flour,小麦粉,D,1
347,justice,正義,D,1
348,masterpiece,名作,D,1
349,ingredient,材料、成分,D,1
350,stellar,星の、星のような,D,1
351,height,高さ,D,1
352,transportation,輸送,D,1
353,stride,大股に歩く、大股に歩くこと、歩幅,D,1
354,cope,対処する,D,1
355,fame,名声,D,1
356,prize,賞（品）、賞金,D,1
357,determine,決意する,D,1
358,public,公衆の、公立の,D,1
359,development,発展,D,1
360,praise,賞賛する,D,1
361,security,安全（性）,D,1
362,labor,労働,D,1
363,poison,毒,D,1
364,seaport,海港,D,1
365,female,女性,D,1
366,literature,文学,D,1
367,athletic,運動競技の,D,1
368,infection,伝染,D,1
369,establish,確立する,D,1
370,generation,世代、（電気などの）発生、産出,D,1
371,global,世界的な、地球の,D,1
372,creation,創造,D,1
373,fold,折る、畳む,D,1
374,research,研究、研究する,D,1
375,contain,内包する、含んでいる,D,1
376,output,産出高、出力,D,1
377,sue,告訴する,D,1
378,spear,やり,D,1
379,spontaneous,自発的な,D,1
380,hospitality,もてなし,D,1
381,analysis,分析,D,1
382,weigh,重さを量る、よく考える,D,1
383,cause,原因、引き起こす,D,1
384,shake,振る,D,1
385,continent,大陸,D,1
386,protect,守る,D,1
387,negative,負の、否定の,D,1
388,solid,固体の、固い,D,1
389,seashore,（通例 the 〜）海岸,D,1
390,display,展示［表示］する、展示,D,1
391,salary,給料,D,1
392,engineer,技師、工学者,D,1
393,delay,遅らせる、遅れ,D,1
394,separate,切り離す,D,1
395,stream,流れ、傾向、風潮、小川,D,1
396,bathe,入浴する,D,1
397,wake,航跡、目覚める,D,1
398,examine,試験する、検査する,D,1
399,avoid,避ける,D,1
400,various,さまざまな,D,1
401,probably,おそらく、たぶん,D,1
402,sort,種類、分類する,D,1
403,income,所得,D,1
404,notice,注目、通知、気付く,D,1
405,diameter,直径,D,1
406,citizen,市民,D,1
407,harsh,粗い,D,1
408,abroad,海外で［に］,D,1
409,resource,（通例 〜s）資源,D,1
410,complex,複雑な,D,1
411,condition,状態,D,1
412,instrument,道具、楽器,D,1
413,privilege,特権,D,1
414,balance,バランス、平衡、収支,D,1
415,ahead,前に［へ］,D,1
416,underscore,強調する、下線を引く,D,1
417,outstanding,目立つ,D,1
418,unemployment,失業,D,1
419,congratulate,お祝いを言う,D,1
420,certain,確かな,D,1
421,medicine,薬、医学,D,1
422,follow,従う、ついて行く,D,1
423,react,反応する,D,1
424,horizontal,水平（線）の,D,1
425,observe,観察する,D,1
426,run,経営する、走る,D,1
427,palm,ヤシ、手のひら,D,1
428,investigate,調査する、究明する,D,1
429,physical,物理的な、肉体の,D,1
430,cautious,用心深い,D,1
431,empty,空いている,D,1
432,plentiful,沢山の,D,1
433,decrease,減少する、減少,D,1
434,afford,〜する余裕がある,D,1
435,continual,継続性の,D,1
436,shameful,恥ずべき,D,1
437,accept,受け入れる,D,1
438,request,頼む、求める、（曲などを）リクエストする,D,1
439,profit,（しばしば〜s）利益、利潤,D,1
440,seldom,めったに〜ない,D,1
441,blood cell,血球,D,1
442,pronounce,発音する、断言する,D,1
443,thick,厚い,D,1
444,reliable,信頼できる,D,1
445,education,教育,D,1
446,duty,義務、（しばしば〜ies）税,D,1
447,extreme,極端な,D,1
448,recreation,レクリエーション,D,1
449,minor,少数の、未成年の,D,1
450,dig,掘る,D,1
451,appetite,食欲,D,1
452,client,顧客,D,1
453,attempt,試みる、企てる,D,1
454,base,基礎,D,1
455,approach,接近する、接近、アプローチ,D,1
456,advice,助言、アドバイス,D,1
457,tide,潮（の干満）、風潮,D,1
458,leap,跳ぶ,D,1
459,funeral,葬式,D,1
460,preserve,保護する、保持する,D,1
461,crowd,群集、詰め込む,D,1
462,pour,（水などを）注ぐ,D,1
463,pain,痛み,D,1
464,amount,（the 〜）総額、量、金額,D,1
465,genuine,純粋な,D,1
466,might,力,D,1
467,steam,蒸気,D,1
468,shore,岸,D,1
469,awake,気付いて、目が覚めて,D,1
470,curiosity,好奇心,D,1
471,sweat,汗,D,1
472,vaccine,ワクチン,D,1
473,serve,奉仕する、食事を出す,D,1
474,pollution,汚染,D,1
475,survey,調べる,D,1
476,capacity,容量,D,1
477,pray,祈る,D,1
478,independent,独立した,D,1
479,innocent,罪のない、純粋な,D,1
480,common,一般的な、普通の,D,1
481,tax,税,D,1
482,ideal,理想的な、理想,D,1
483,vocabulary,語彙,D,1
484,mud,泥、ぬかるみ,D,1
485,industry,産業、工業、勤勉,D,1
486,treat,扱う、治療する,D,1
487,occupation,職業,D,1
488,change,変化、変える、かわる,D,1
489,narrowly,狭く、かろうじて,D,1
490,operation,手術、操作、（O-）軍事作戦,D,1
491,flock,（ヒツジなどの）群れ、群れる,D,1
492,genius,天才,D,1
493,proud,誇りに思って,D,1
494,composer,作曲家,D,1
495,aboard,乗って,D,1
496,fuel,燃料,D,1
497,stem,（草木の）茎、語幹,D,1
498,nursery,苗床、種苗場、養成所、保育園,D,1
499,suddenly,にわかに、急に,D,1
500,greenhouse,温室,D,1
501,adjust,調整する、合わせる,D,1
502,earthquake,地震,D,1
503,fortune,幸運、財産,D,1
504,logical,論理的な,D,1
505,shortcut,近道,D,1
506,credible,信用できる,D,1
507,purchase,購入する、購入（物）,D,1
508,solution,解決（法）,D,1
509,prestige,名声、威信,D,1
510,announce,発表する、知らせる,D,1
511,encourage,勇気づける,D,1
512,urgent,緊急の,D,1
513,knowledge,知識,D,1
514,satisfy,（条件などを）満たす,D,1
515,abdomen,腹部,D,1
516,gain,得る、稼ぐ,D,1
517,prosperity,繁栄、成功,D,1
518,oppose,反対する,D,1
519,vacant,空いている,D,1
520,admit,認める,D,1
521,emergency,非常事態、危機,D,1
522,float,浮かぶ、（釣り具の）浮き、ブイ,D,1
523,larva,幼虫,D,1
524,arrest,逮捕する,D,1
525,Pacific Ocean,（the 〜）太平洋,D,1
526,liquid,液体、液体の,D,1
527,native,その土地［国］固有の,D,1
528,bitter,苦い,D,1
529,worth,価値のある,D,1
530,value,価値,D,1
531,civilization,文明,D,1
532,commercial,商業（上）の、コマーシャル,D,1
533,serious,重大な、（病気が）重い,D,1
534,tailor,洋服屋,D,1
535,invent,発明する,D,1
536,desert,砂漠、捨てる,D,1
537,order,秩序、（しばしば〜s）命令、命令する,D,1
538,forward,前へ,D,1
539,due,期限の来た、（〜s）払うべき会費、税,D,1
540,hemisphere,半球,D,1
541,employ,雇う,D,1
542,cure,治療する,D,1
543,develop,発展する,D,1
544,honest,正直な,D,1
545,interest,利子、利益、興味、興味を持たせる,D,1
546,lie,うそをつく、横たわる,D,1
547,discriminate,差別する,D,1
548,solve,解く,D,1
549,path,道,D,1
550,quantity,数量,D,1
551,famine,飢餓、欠乏,D,1
552,weapon,武器、兵器,D,1
553,rapid,急な,D,1
554,miserable,みすぼらしい,D,1
555,regard,見なす,D,1
556,cargo,積み荷,D,1
557,circumstance,（通例 〜s）環境、状況,D,1
558,diary,日記,D,1
559,express,急行、表現する,D,1
560,add,加える、加算する,D,1
561,shopkeeper,店主,D,1
562,laboratory,実験室,D,1
563,assume,仮定する,D,1
564,trace,跡,D,1
565,closely,緊密に、接近して,D,1
566,guilty,有罪の,D,1
567,majority,大多数,D,1
568,capital,主要な、首都,D,1
569,general,一般的な,D,1
570,exam,試験,D,1
571,personal,個人の,D,1
572,secretary,秘書,D,1
573,finally,最終的に、ついに,D,1
574,manner,方法、（〜s）行儀、作法,D,1
575,tolerate,我慢する,D,1
576,ultraviolet rays,紫外線,D,1
577,senior,年上の、上級の,D,1
578,besides,〜に加えて、その上,D,1
579,commodity,商品、（農業・鉱業などの）産物,D,1
580,relatively,比較的,D,1
581,thread,糸,D,1
582,firm,企業、堅い、確固たる,D,1
583,distance,距離,D,1
584,clothe,（受身形または〜oneselfで）着る,D,1
585,translate,訳す,D,1
586,persuade,説得する,D,1
587,illegal,違法の,D,1
588,atomic,原子の,D,1
589,moisture,湿気,D,1
590,regret,後悔する,D,1
591,shine,輝く,D,1
592,worm,（ミミズなどの）虫,D,1
593,offer,提供する、申し出る,D,1
594,dip,（水などに）浸す,D,1
595,considerable,かなりの,D,1
596,trade,貿易、（国内を含む）交易,D,1
597,die,死ぬ,D,1
598,result,結果,D,1
599,quit,（たばこなどを）やめる,D,1
600,fare,料金、運賃、食事,D,1
601,additional,追加の,D,1
602,harvest,刈り入れる、収穫する,D,1
603,entrance,入場、入口,D,1
604,currency,通貨、流通,D,1
605,square,正方形、スクエア,D,1
606,intend,意図する,D,1
607,tail,尾、しっぽ,D,1
608,essential,基本的な、必須の,D,1
609,poll,（the 〜(s)）投票、投票をする,D,1
610,immediately,即座に,D,1
611,primary,第一の,D,1
612,dwelling,住居,D,1
613,shell,貝殻、殻,D,1
614,curve,曲線,D,1
615,careful,注意深い,D,1
616,sight,景色,D,1
617,unit,単位,D,1
618,character,性格、特質,D,1
619,tale,話,D,1
620,brilliant,輝かしい、素晴らしい,D,1
621,neutral,中立の,D,1
622,delight,喜び,D,1
623,qualification,（しばしば〜s）資格、能力,D,1
624,Supreme Court,（the 〜）最高裁判所,D,1
625,instruction,（〜s）指示、命令、取扱説明書,D,1
626,import,輸入する、輸入,D,1
627,silent movie,無声映画,D,1
628,brief,短い、簡潔な,D,1
629,nomad,遊牧民、放浪者,D,1
630,remarkable,注目すべき,D,1
631,theory,理論,D,1
632,educate,教育する,D,1
633,opportunity,機会,D,1
634,slight,少しばかりの,D,1
635,attract,魅了する,D,1
636,yard,ヤード、中庭,D,1
637,grade,成績,D,1
638,engage,従事させる、雇う、約束する,D,1
639,decade,10年間,D,1
640,represent,代表する,D,1
641,gland,（リンパ腺などの）腺,D,1
642,Uncle Sam,アンクル・サム（米国政府を擬人化した呼称）,D,1
643,mercury,水銀、（M-）水星,D,1
644,function,機能,D,1
645,distinctive,区別できる、特有の,D,1
646,burn,燃える、燃やす,D,1
647,circle,円、（しばしば〜s）仲間,D,1
648,rational,合理的な,D,1
649,inspect,検査する,D,1
650,flexible,柔軟な、融通のきく,D,1
651,seaside,海辺,D,1
652,pleasant,愉快な、気持ちのよい,D,1
653,gentle,優しい,D,1
654,vertical,垂直の,D,1
655,departure,出発,D,1
656,locate,設ける、〜の場所を見つける、場所,D,1
657,male,男性、男の,D,1
658,diligent,勤勉な,D,1
659,rescue,救助する,D,1
660,substantial,重要な、本質的な,D,1
661,quality,品質,D,1
662,neglect,無視する,D,1
663,rely,頼る,D,1
664,standard,標準の、基準,D,1
665,hold,持つ、催す,D,1
666,electricity,電気,D,1
667,definitely,明らかに、決定的に,D,1
668,limestone,石灰岩,D,1
669,wrist,手首,D,1
670,attention,注意,D,1
671,cough,せき,D,1
672,summarize,要約する,D,1
673,realistic,現実的な、現実,D,1
674,need,（通例 〜s）必需品、要求,D,1
675,destination,目的地,D,1
676,practice,実行、訓練、練習する,D,1
677,punish,罰する,D,1
678,swamp,沼地,D,1
679,beside,〜のそばに,D,1
680,solar,太陽の,D,1
681,endangered species,絶滅危惧種,D,1
682,tap,（資源などを）利用する、軽くたたく,D,1
683,injure,傷つける,D,1
684,earn,稼ぐ,D,1
685,hydrogen,水素,D,1
686,account,見なす、（しばしば〜s）勘定、口座,D,1
687,suffer,（損害などを）被る,D,1
688,arithmetic,算数,D,1
689,lead,導く,D,1
690,eagle,ワシ,D,1
691,meteor,流星、隕石,D,1
692,chairman,議長,D,1
693,observation,観察,D,1
694,double,2倍にする、2倍,D,1
695,sound,〜と思われる、音,D,1
696,prior,前の,D,1
697,ceramic,（〜s）陶芸、陶磁器類,D,1
698,tradition,伝統,D,1
699,fluid,流動体,D,1
700,blowhole,（クジラなどの）噴気孔,D,1
701,search,捜す,D,1
702,grief,悲しみ,D,1
703,policy,政策、（保険の）証書,D,1
704,soldier,兵士,D,1
705,crisis,危機,D,1
706,entire,全体の,D,1
707,collect,集める,D,1
708,climate,気候,D,1
709,copper,銅,D,1
710,clever,利口な、ずる賢い,D,1
711,seasoning,調味料,D,1
712,reward,報酬、報奨（金）,D,1
713,archaeology,考古学,D,1
714,rough,粗い、雑な、おおよその,D,1
715,save,助ける、ためる、節約する,D,1
716,freedom,自由,D,1
717,legal,法律（上）の、適法の,D,1
718,extinct species,絶滅種,D,1
719,legend,伝説,D,1
720,era,時代,D,1
721,reject,拒絶する,D,1
722,fund,（しばしば〜s）基金,D,1
723,reptile,は虫類,D,1
724,formula,（数学などの）公式、決まった言い方,D,1
725,canal,運河,D,1
726,flourish,繁栄する,D,1
727,exit,出口、出ること,D,1
728,Tropical Zone,（the 〜）熱帯,D,1
729,factor,要因、（数学の）因数,D,1
730,tin,スズ,D,1
731,bother,煩わす,D,1
732,decline,低下する、断る,D,1
733,despite,〜にもかかわらず,D,1
734,mean,平均値、卑劣な、意味する,D,1
735,stage,ステージ、段階,D,1
736,improve,改良する、進歩させる,D,1
737,staple,主要な、主要産物,D,1
738,essence,本質、エッセンス,D,1
739,alone,ただ1人の、1人で,D,1
740,convert,（エネルギーなどを）転換する,D,1
741,sentence,刑を宣告する、文章,D,1
742,absentee,欠席者,D,1
743,telescope,望遠鏡,D,1
744,architect,建築家,D,1
745,face,直面する、顔,D,1
746,subscribe,（雑誌などを）購読する,D,1
747,treasury,宝庫、（the T-）財務省,D,1
748,tree sap,樹液,D,1
749,complete,完成させる、完成する、完全な,D,1
750,dominant,優勢な,D,1
751,region,地域,D,1
752,degree,程度、学位,D,1
753,rarely,めったに〜ない,D,1
754,ultimate,究極の、最後の、最終の,D,1
755,fault,断層、過ち、欠点,D,1
756,enthusiastic,熱狂的な,D,1
757,lately,最近,D,1
758,construct,建設する,D,1
759,prove,証明する,D,1
760,period,期間,D,1
761,protein,タンパク質,D,1
762,prejudice,偏見,D,1
763,algebra,代数（学）,D,1
764,element,要素、（the 〜s）悪天候,D,1
765,shortage,欠乏,D,1
766,scold,叱る,D,1
767,farther,より遠く,D,1
768,scenery,風景,D,1
769,owner,所有者,D,1
770,dormitory,（大学などの）寮、寄宿舎,D,1
771,attend,出席する、世話をする,D,1
772,latest,最近の,D,1
773,relative,比較の、関係のある、親戚,D,1
774,introduce,紹介する,D,1
775,respective,それぞれの,D,1
776,frost,霜,D,1
777,manage,経営する、どうにかやっていく,D,1
778,term,学期、期間、（〜s）条件、専門用語,D,1
779,view,眺め、（しばしば〜s）考え,D,1
780,custom,慣例、税関,D,1
781,introduction,紹介、序文,D,1
782,positive,肯定的な,D,1
783,Arctic,（the 〜）北極（圏）,D,1
784,furnish,（家具などを）備え付ける,D,1
785,furniture,家具,D,1
786,accident,事故,D,1
787,effective,有効な,D,1
788,spacecraft,宇宙船,D,1
789,steel,鉄、鋼,D,1
790,subject,学科、主題、主語,D,1
791,heritage,遺産,D,1
792,atmosphere,大気、雰囲気,D,1
793,sulfur,硫黄,D,1
794,expect,予期する、期待する,D,1
795,race,競争、人種,D,1
796,drawer,引き出し,D,1
797,deny,否定する,D,1
798,ripe,熟した,D,1
799,globe,球体、（通例 the 〜）地球,D,1
800,suggest,提案する、示唆する,D,1
801,apply,申し込む、当てはまる、応用する,D,1
802,population,人口、（統計上の）母集団,D,1
803,reform,改革する,D,1
804,liberal,自由な,D,1
805,active,活動的な,D,1
806,assist,手伝う,D,1
807,overcome,克服する、打ち勝つ,D,1
808,principle,（通例 〜s）主義、原則,D,1
809,sew,縫う,D,1
810,seed,種,D,1
811,behave,振る舞う,D,1
812,advanced,進んだ,D,1
813,comfortable,快適な、気持ちのよい,D,1
814,detail,（〜s）詳細、細部,D,1
815,reach,届く,D,1
816,volcano,火山,D,1
817,guarantee,保証する,D,1
818,infant,幼児,D,1
819,toxic,有毒な,D,1
820,create,創り出す、創造する,D,1
821,ignore,無視する,D,1
822,central,中心の、中央の,D,1
823,issue,発行（物）、論点,D,1
824,failure,失敗,D,1
825,proverb,ことわざ,D,1
826,squash,ウリ［カボチャ］の類,D,1
827,radical,急進的な,D,1
828,mistake,誤り,D,1
829,rest,休養、休む,D,1
830,agree,同意する,D,1
831,economy,経済、倹約,D,1
832,benefit,利益、恩恵,D,1
833,psychology,心理学,D,1
834,allow,許可する、認める,D,1
835,neat,こぎれいな,D,1
836,twice,2倍（に）,D,1
837,disappear,消える,D,1
838,germ,細菌,D,1
839,inevitable,避けられない,D,1
840,command,命令、命令する,D,1
841,influence,影響,D,1
842,living,生計、生活,D,1
843,desire,希望する,D,1
844,genre,（文学・音楽などの）ジャンル、様式,D,1
845,choice,選択,D,1
846,process,過程、プロセス,D,1
847,indicate,示す,D,1
848,support,支える,D,1
849,neighboring,隣の,D,1
850,microscope,顕微鏡,D,1
851,proper,適正な,D,1
852,aspect,局面、様子,D,1
853,adapt,適合させる、改造する,D,1
854,reluctant,気の進まない、嫌々ながらの,D,1
855,average,平均、平均の,D,1
856,feeling,感情、感覚,D,1
857,economical,経済的な、倹約した,D,1
858,depend,依存する,D,1
859,sprout,芽、芽を出す,D,1
860,estimate,見積もる,D,1
861,heal,（傷などを）癒やす,D,1
862,discourage,意気消沈させる,D,1
863,reputation,名声,D,1
864,difficulty,困難,D,1
865,earnest,熱心な,D,1
866,correct,訂正する、正しい,D,1
867,defend,守る,D,1
868,gradually,徐々に,D,1
869,respect,尊敬する、尊敬,D,1
870,fascinate,魅了する,D,1
871,allergic,アレルギー（性［体質］）の,D,1
872,interval,間隔、インターバル,D,1
873,mature,成熟した,D,1
874,trouble,困難、トラブル,D,1
875,coal,石炭,D,1
876,generous,寛容な,D,1
877,loss,損害、損失,D,1
878,row,列、漕ぐこと,D,1
879,interpret,通訳する、解釈する,D,1
880,nationality,国籍,D,1
881,faculty,（大学の）教授陣、学部、能力、才能、手腕,D,1
882,option,選択肢、オプション,D,1
883,vegetarian,菜食（主義）者,D,1
884,attach,取り付ける,D,1
885,conclusion,結論,D,1
886,claim,要求する、主張する,D,1
887,board,板、乗り込む,D,1
888,wheel,車輪,D,1
889,dawn,（the 〜）（物事の）始まり、夜明け,D,1
890,imply,暗示する,D,1
891,national,国家の、国民の、全国的な,D,1
892,apologize,謝る,D,1
893,occasionally,時折,D,1
894,storm,嵐,D,1
895,ancient,昔の、古代の,D,1
896,existence,存在,D,1
897,award,賞,D,1
898,variety,変化、多様性、種類,D,1
899,border,国境,D,1
900,eloquent,雄弁な,D,1
901,deposit,（お金を）預ける、預金、内金、手付金,D,1
902,evolve,進化する,D,1
903,enact,立法化する,D,1
904,youth,青年（時代）、若さ,D,1
905,pedestrian,歩行者,D,1
906,resolve,決意する、解決する、分解する,D,1
907,federal,連邦の,D,1
908,nearby,近くの、近くに,D,1
909,discuss,議論する,D,1
910,knit,編む,D,1
911,headache,頭痛,D,1
912,insight,洞察力、見識,D,1
913,mammal,哺乳動物,D,1
914,reasonable,程よい,D,1
915,facility,容易さ、（しばしば〜ties）設備,D,1
916,proof,証明,D,1
917,gather,集まる、集める,D,1
918,except,除外する、〜を除いて（は）,D,1
919,herd,（牛や豚などの）群れ,D,1
920,galaxy,（the G-）銀河系、天の川,D,1
921,perform,演じる,D,1
922,return,戻る、（しばしば〜s）利益,D,1
923,universe,（the 〜，the U-）宇宙、森羅万象,D,1
924,spectator,見物人,D,1
925,neighbor,隣人、隣接する,D,1
926,invitation,招待,D,1
927,maintain,維持する,D,1
928,exotic species,外来種,D,1
929,synonym,同義語,D,1
930,field,広い場所、畑、競技場,D,1
931,prefer,〜の方を好む,D,1
932,supply,供給、供給する,D,1
933,molecule,分子,D,1
934,exceedingly,非常に、極めて,D,1
935,device,装置、工夫,D,1
936,Antarctic,（the 〜）南極,D,1
937,expand,拡張する,D,1
938,nature,自然,D,1
939,refer,参照する,D,1
940,satellite,衛星,D,1
941,conclude,結論づける,D,1
942,determination,決意、決定,D,1
943,export,輸出する、（通例 〜s）輸出（品・額）,D,1
944,politics,政治（学）,D,1
945,fair,公平な,D,1
946,slope,傾斜、スロープ,D,1
947,share,分け前、割当て分、分け合う,D,1
948,nerve,神経,D,1
949,fate,（通例 one's 〜）運命,D,1
950,gross,総計,D,1
951,bear,（心に）抱く、我慢する、（子を）産む,D,1
952,shelf,棚,D,1
953,include,含む,D,1
954,purpose,目的、用途、決心,D,1
955,bury,埋める,D,1
956,Stone Age,（the 〜）石器時代,D,1
957,deficient,不足した、不十分な,D,2
958,density,密度、（霧などの）濃さ,D,2
959,ethics,（単数扱い）倫理学、（通例複数扱い）倫理、道徳,D,2
960,ease,（苦痛・心配などを）和らげる,D,2
961,ordinary,（通例限定）通常の,D,2
962,utensil,家庭用品,D,2
963,red tape,お役所仕事、形式主義、非効率,D,2
964,compliant,従う、従順な,D,2
965,molten,（熱で）溶けた,D,2
966,informal,略式の、非公式の,D,2
967,fission,（核）分裂,D,2
968,certificate,証明書,D,2
969,forge,鍛造する、鍛冶場,D,2
970,dynamics,力学、動力学、原動力,D,2
971,evolution,進化、発展,D,2
972,duplicate,複写する、写しの,D,2
973,barter,物々交換、物々交換する,D,2
974,circular,円形の、循環の,D,2
975,eliminate,取り除く,D,2
976,graze,（家畜などが）草を食べる,D,2
977,haze,かすみ、もや,D,2
978,void,無効の,D,2
979,vendor,物売り、行商人、自動販売機,D,2
980,grasp,理解する、つかむ,D,2
981,unite,統合する,D,2
982,dough,パン生地、こね粉,D,2
983,panorama,全景、パノラマ,D,2
984,plain,（しばしば〜s）平地、簡素な、分かりやすい,D,2
985,precision,精密な、高精度の、正確、精密,D,2
986,apt,〜しがちである、〜する傾向がある,D,2
987,liable,〜しがちな、責めを負うべき,D,2
988,peninsula,半島,D,2
989,accord,一致、調和、協定、与える、〜と一致する,D,2
990,Neolithic,（the 〜）新石器時代,D,2
991,breed,品種、（動・植物の）種類、子を生む、品種改良する、育てる,D,2
992,cordial,心からの,D,2
993,clash,衝突する、衝突,D,2
994,chunk,塊,D,2
995,folklore,民間伝承、民俗学,D,2
996,kerosene,灯油,D,2
997,timber,木材,D,2
998,perfume,香水,D,2
999,convey,輸送する、運ぶ,D,2
1000,subtract,控除する、引く,D,2
1001,idiom,慣用語句、熟語、雪語、作風,D,2
1002,court,中庭、テニスのコート、法廷,D,2
1003,aurora,オーロラ,D,2
1004,insulate,（熱などを）遮断する,D,2
1005,keen,熱心な、鋭い、辛辣な,D,2
1006,squeeze,搾る、圧搾する,D,2
1007,superficial,うわべだけの、表面上の,D,2
1008,tidal wave,津波、高潮,D,2
1009,mammoth,マンモス（巨象）、巨大な,D,2
1010,quarrel,口げんか、口げんかする,D,2
1011,assemble,集う、集める、組み立てる,D,2
1012,diverse,さまざまの、種々の,D,2
1013,quote,引用する,D,2
1014,evaporate,（水などが）蒸発する、蒸発させる,D,2
1015,beforehand,前もって,D,2
1016,swear,誓う,D,2
1017,glow,光を放つ、白熱する、真っ赤に燃える、白熱,D,2
1018,recitation,朗読,D,2
1019,objective,客観的な、目的格の,D,2
1020,explore,探検する,D,2
1021,vast,広大な,D,2
1022,durable,耐久性のある、丈夫な,D,2
1023,equator,（the 〜）赤道,D,2
1024,bite,かむ,D,2
1025,amplify,増幅する、拡大する,D,2
1026,zenith,（the 〜）天頂、頂点,D,2
1027,calculate,計算する,D,2
1028,confidential,内密の、守秘義務のある,D,2
1029,restrain,制止する,D,2
1030,inherent,生来の、固有の、本来の,D,2
1031,pound,ポンド（英国の通貨、重さの単位）、どんどんたたく,D,2
1032,drizzle,霧雨、霧雨が降る,D,2
1033,critic,批評家,D,2
1034,immunity,免疫,D,2
1035,pump,ポンプ、ポンプで水をくむ,D,2
1036,debt,負債,D,2
1037,obscure,はっきりしない,D,2
1038,exhausted,疲れ切った,D,2
1039,spouse,配偶者,D,2
1040,assess,査定する、評価する,D,2
1041,condense,濃縮する、要約する,D,2
1042,geometry,幾何学,D,2
1043,admire,賞賛する,D,2
1044,charge,請求する、（〜s）料金,D,2
1045,undermine,浸食する、（名声などを）傷つける、衰えさせる、下を掘る,D,2
1046,equivalent,同等の,D,2
1047,assure,保証する、確かに〜だと言う、請け合う,D,2
1048,pristine,損なわれていない、原始の、汚れていない,D,2
1049,infamous,悪名高い、不名誉な,D,2
1050,possess,所有する,D,2
1051,uphold,支持する,D,2
1052,resolute,断固とした、固く決心した,D,2
1053,document,文書、（文書・録画などで）記録する、（証拠の書類で）立証する,D,2
1054,Venus,金星,D,2
1055,scratch,引っかく、引っかき傷,D,2
1056,file,ファイルにとじる、提出する、ファイル、とじ込み,D,2
1057,anatomy,解剖（学）,D,2
1058,glorious,素晴らしい、栄光ある,D,2
1059,crater,噴火口、（月面などの）クレーター,D,2
1060,nourish,養う、肥料をやる,D,2
1061,adjacent,隣接した,D,2
1062,comfort,元気づける、慰める、慰め、快適さ,D,2
1063,reflect,反射する、熟考する,D,2
1064,spectacular,壮観な,D,2
1065,literally,まさに、文字通りに,D,2
1066,merit,価値、長所、メリット,D,2
1067,implicate,関係させる、巻き込む、含意する,D,2
1068,fade,色あせる、しぼむ,D,2
1069,politic,思慮深い、賢明な、適切な、政略的な、術策にたけた,D,2
1070,autobiography,自叙伝,D,2
1071,shabby,みすぼらしい,D,2
1072,ban,禁止する,D,2
1073,starch,でんぷん（質）、（洗濯用）のり,D,2
1074,optimist,楽天家,D,2
1075,contract,契約、契約する、引き締める,D,2
1076,execute,実行する、処刑する,D,2
1077,prelude,（通例 a〜）前触れ、前奏曲、プレリュード、前兆となる、導入する,D,2
1078,tension,緊張,D,2
1079,Saturn,土星,D,2
1080,consume,消費する,D,2
1081,fertilizer,肥料,D,2
1082,subsistence,生存、生計,D,2
1083,rumor,うわさ,D,2
1084,choreograph,（ダンスなどの）振り付けをする,D,2
1085,bias,偏向、バイアス、〜を偏らせる,D,2
1086,trigger,（重大事を）引き起こす、〜のきっかけとなる、引き金,D,2
1087,breeze,そよ風、軽やかに動く,D,2
1088,sacred,神聖な,D,2
1089,conquer,（敵国・山などを）征服する,D,2
1090,suspect,〜のような気がする、怪しいと思う、容疑者,D,2
1091,characteristic,特徴的な、特有の、（しばしば〜s）特徴,D,2
1092,release,（犬や人などを）放す、免除する、解放、釈放、免除,D,2
1093,linguistic,言語上の、言語学の,D,2
1094,circulation,循環、発行部数,D,2
1095,bond,接着剤、公社債,D,2
1096,bulletin,掲示,D,2
1097,basin,盆地、洗面器,D,2
1098,advocate,唱導する、主張者,D,2
1099,vivid,生き生きとした、はつらつとした,D,2
1100,superstition,迷信,D,2
1101,complicate,複雑（面倒）にさせる,D,2
1102,rage,激怒、激怒する,D,2
1103,stimulus,刺激,D,2
1104,starve,餓死する,D,2
1105,indignant,憤慨した、怒った,D,2
1106,verify,立証する、証明する,D,2
1107,confess,白状する,D,2
1108,temper,気質,D,2
1109,instinct,本能,D,2
1110,pollination,（植物の）受粉,D,2
1111,bud,芽、つぼみ、発芽する,D,2
1112,fluctuate,不規則に変動（変化）する,D,2
1113,velocity,速さ、速度,D,2
1114,stubborn,頑固な,D,2
1115,Mars,火星,D,2
1116,surplus,黒字,D,2
1117,liver,肝臓,D,2
1118,retail,小売り,D,2
1119,lunar,月の,D,2
1120,oblige,〜せざるを得ない、義務を負わせる,D,2
1121,classify,分類する,D,2
1122,humane,慈悲深い、思いやりのある、人道にかなった,D,2
1123,radiate,（光を）放射する、発散する,D,2
1124,social science,社会科学,D,2
1125,courageous,勇気のある,D,2
1126,betray,裏切る,D,2
1127,unanimous,満場一致の,D,2
1128,bowl,（調理用の）ボウル、アメフトの選抜試合,D,2
1129,faint,卒倒する,D,2
1130,utilize,活用する,D,2
1131,wildlife,野生動物,D,2
1132,venture,思い切ってする、無謀にも着手する、冒険的事業、ベンチャー事業,D,2
1133,hazard,危険、事故、偶然,D,2
1134,ferment,発酵させる、騒がす、動揺させる、動乱、動揺,D,2
1135,downfall,転落、失脚、（雨などの）大降り,D,2
1136,mentor,良き指導者、教師,D,2
1137,statue,像、彫像,D,2
1138,opponent,反対者,D,2
1139,slim,わずかな、ほっそりした,D,2
1140,contradict,矛盾する、相反する,D,2
1141,revolve,回転する、思い巡らす,D,2
1142,sum,（the 〜）合計、要約する,D,2
1143,discern,見分ける、（〜であることが）分かる,D,2
1144,compute,計算する、見積もる、算定する,D,2
1145,appreciate,ありがたく思う、真価を認める、味わう、鑑賞する,D,2
1146,anticipate,予期する、先んずる,D,2
1147,geyser,間欠泉,D,2
1148,impermeable,（水や光などを）通さない、不浸透性の,D,2
1149,ambition,野心,D,2
1150,cell,細胞、1つの小さな塊、（独）房,D,2
1151,flood,洪水、氾濫させる、殺到する,D,2
1152,brink,縁、端,D,2
1153,govern,統治する,D,2
1154,Celsius,摂氏、摂氏の,D,2
1155,accustom,〜に慣れさせる,D,2
1156,jolly,楽しい、愉快な,D,2
1157,chase,追跡する,D,2
1158,configuration,配置、形状,D,2
1159,hostility,敵意,D,2
1160,resent,憤慨する、恨む,D,2
1161,dynamic,ダイナミックな、活動的な、動的な,D,2
1162,sovereign,主権者、君主、主権を有する、独立した,D,2
1163,aim,（受身形で）目標にする、狙う、狙い、目標,D,2
1164,prominent,著名な、傑出した,D,2
1165,refine,精製する、磨く,D,2
1166,pier,埠頭,D,2
1167,contemplate,熟考する,D,2
1168,crucial,とても重要な,D,2
1169,frantic,熱狂した、狂乱した,D,2
1170,arid,乾燥した、不毛の、（話などが）つまらない,D,2
1171,index,索引、指数,D,2
1172,combustible,可燃性の、燃えやすい、（通例 〜s）可燃物,D,2
1173,estuary,河口,D,2
1174,vent,（液体や気体が抜ける）穴、通気孔,D,2
1175,endure,耐える、我慢する,D,2
1176,transition,移り変わり,D,2
1177,bounce,バウンドする、弾む、跳ね返り,D,2
1178,statutory,法定の、法令による,D,2
1179,constitution,（しばしば the C-）憲法、構成、組織,D,2
1180,drain,排水する、排水管,D,2
1181,demanding,きつい,D,2
1182,aquatic,水生の、水中の,D,2
1183,geothermal,地熱の,D,2
1184,branch,支部、枝、支流,D,2
1185,ornament,装飾（品）,D,2
1186,trait,特性、特徴,D,2
1187,flora,（通例 the 〜）（ある地方・時代の）植物相、全植物,D,2
1188,contaminate,汚染する、悪影響を及ぼす,D,2
1189,innovation,革新,D,2
1190,dormant,（火山が）活動休止中の、休眠中の,D,2
1191,opposition,反対,D,2
1192,deposition,堆積作用、堆積物、免職,D,2
1193,implicit,暗示された、暗黙の、信じて疑わない,D,2
1194,scrutiny,精密な調査、検査,D,2
1195,fallacious,誤った、当てにならない,D,2
1196,quiescent,無活動の、静止した,D,2
1197,glacial,氷河時代の、氷の、（人や態度などが）冷淡な,D,2
1198,aquifer,帯水層,D,2
1199,Orient,（the 〜）東洋,D,2
1200,fur,毛皮,D,2
1201,enchant,魅了する,D,2
1202,cave,洞窟、洞穴,D,2
1203,concern,影響する、関与する、興味、関心事、心配,D,2
1204,considerate,思いやりのある,D,2
1205,tender,優しい、柔らかい、傷つきやすい,D,2
1206,flawless,傷のない、完全な,D,2
1207,conventional,型にはまった、伝統的な,D,2
1208,eclipse,日食、月食,D,2
1209,amaze,ひどく驚かす,D,2
1210,predict,予言する,D,2
1211,flammable,可燃性の,D,2
1212,reinforce,補強する,D,2
1213,improvise,即興で演奏する、即席に作る,D,2
1214,granite,花こう岩,D,2
1215,mobile,動くことができる、機動力のある,D,2
1216,nominate,指名する,D,2
1217,impatient,気のせくような、せっかちな,D,2
1218,theoretical,理論（上）の、理論的な,D,2
1219,diagnose,（病気などを）診断する,D,2
1220,parasite,寄生虫、寄生植物（動物）、居候,D,2
1221,integrity,高潔、誠実,D,2
1222,modify,修正する、変更する,D,2
1223,decisive,決定的な,D,2
1224,anxious,心配な、気がかりな、切望して,D,2
1225,enzyme,酵素,D,2
1226,viscosity,粘着性、粘度、粘性,D,2
1227,glue,接着剤、膠、のり、接着剤でつける,D,2
1228,diversity,（通例 a〜）多様性、さまざまなこと,D,2
1229,beat,脈動する、打つ、たたく、鼓動、拍子,D,2
1230,patent,特許、特許品,D,2
1231,intentionally,故意に、意図的に,D,2
1232,rhinoceros,サイ,D,2
1233,aquarium,水槽、水族館,D,2
1234,loose,とじていない、ゆるんだ、自由な,D,2
1235,alter,変える、変更する,D,2
1236,transfer,移す、転任（転校）する,D,2
1237,tease,からかう,D,2
1238,feasible,実行できる,D,2
1239,dedicated,献身的な,D,2
1240,applaud,拍手喝采する,D,2
1241,rodent,（ネズミやウサギなどの）齧歯動物,D,2
1242,conservative,保守的な、慎重な,D,2
1243,weep,泣く,D,2
1244,dull,面白くない、鈍感な,D,2
1245,pretend,ふりをする、欺く,D,2
1246,extinct,絶滅した,D,2
1247,irrigate,水を引く,D,2
1248,perception,知覚、認知,D,2
1249,hybrid,（遺伝子の組み合わせによる動植物の）雑種、（2つ以上の要素から成る）混成物、雑種の,D,2
1250,aerial,空中の、空気の,D,2
1251,statute,法令,D,2
1252,bleed,血が出る、心が痛む,D,2
1253,crash,衝突する、壊す、衝突,D,2
1254,peculiar,固有の、特別の、変わった,D,2
1255,manager,管理者、マネージャー,D,2
1256,periodic,定期的な,D,2
1257,assert,主張する、断言する,D,2
1258,prevailing,広く行われる、流行している、優勢な,D,2
1259,ridiculous,ばかげた、おかしい、こっけいな,D,2
1260,distribute,分配する、配分する,D,2
1261,nighttime,夜間,D,2
1262,dictator,独裁者,D,2
1263,cactus,サボテン,D,2
1264,sensitive,敏感な、感じやすい,D,2
1265,hidden,隠された,D,2
1266,abduction,誘拐,D,2
1267,arrogant,傲慢な,D,2
1268,primordial,原始の、最初の、本源的な,D,2
1269,gaze,見つめる,D,2
1270,strait,（しばしば〜sで単数扱い）海峡,D,2
1271,domestic,国内の、家庭的な、家畜の,D,2
1272,sophisticated,洗練された,D,2
1273,discipline,規律、訓練、鍛練、自制心,D,2
1274,irrational,分別のない、不合理な,D,2
1275,accurate,正確な,D,2
1276,precious,貴重な、高価な,D,2
1277,Jupiter,木星,D,2
1278,optical,視覚の、光学の,D,2
1279,Frigid Zone,（the 〜）寒帯,D,2
1280,thesis,論旨、論文,D,2
1281,astronomy,天文学,D,2
1282,hibernate,（動物が）冬眠する、冬ごもりする,D,2
1283,eternal,不滅の、永遠の,D,2
1284,figurative,比喩的な、（絵などで）表現した,D,2
1285,adequate,適当な,D,2
1286,apart,離れて、〜は別として,D,2
1287,autonomy,自治（権）、自主性、自律,D,2
1288,mark,マークする、印を付ける、記録する、跡、印,D,2
1289,shed,（葉や羽などを）落とす、（光などを）放つ、小屋,D,2
1290,intensive,集中的な、強い,D,2
1291,grant,（希望などを）聞き入れる、与える、許可、補助金,D,2
1292,embarrass,困惑させる,D,2
1293,interfere,邪魔する、干渉する,D,2
1294,jury,陪審（員団）、審査員団,D,2
1295,fantastic,とても素晴らしい、空想的な,D,2
1296,lizard,トカゲ,D,2
1297,riot,暴動,D,2
1298,delinquent,非行の、義務不履行（怠慢）の,D,2
1299,fusion,融解、連合,D,2
1300,readily,快く、すぐに、たやすく,D,2
1301,spine,脊柱、背骨,D,2
1302,eligible,資格のある,D,2
1303,Catholic,カトリック教徒,D,2
1304,validity,妥当性、効力,D,2
1305,cancer,がん,D,2
1306,coarse,きめの粗い,D,2
1307,nourishment,滋養物、食物,D,2
1308,suspicion,容疑,D,2
1309,intimate,熟知した、親密な、仲の良い、内々の、私事の,D,2
1310,edible,食べられる,D,2
1311,brush,ブラシをかける、磨く,D,2
1312,agreement,合意、協定,D,2
1313,engrave,（石などに文字や図案を）彫る、刻む,D,2
1314,assign,任命する、指定する,D,2
1315,sediment,堆積物、沈殿物,D,2
1316,thermometer,温度（体温）計,D,2
1317,nostril,鼻孔,D,2
1318,hostile,敵意のある,D,2
1319,negotiate,交渉する,D,2
1320,deliberately,故意に、わざと、慎重に,D,2
1321,candid,公平な、素直な,D,2
1322,intellect,知力、知性、（the 〜s）知識人,D,2
1323,solar system,（the 〜）太陽系,D,2
1324,judicial,司法の、裁判の,D,2
1325,perimeter,（図形の）周囲,D,2
1326,barley,大麦,D,2
1327,pessimism,悲観主義,D,2
1328,launch,打ち上げる、発進する、事業を立ち上げる,D,2
1329,vital,重要な、生命の、生きている,D,2
1330,odd,奇数の、変わった、残りの、（〜s）勝ち目,D,2
1331,massive,巨大な、堂々たる,D,2
1332,blame,責める,D,2
1333,promise,約束、約束する,D,2
1334,phenomena,現象、事象,D,2
1335,onset,（the 〜）始まり、着手、（病気などの）兆候,D,2
1336,mode,方法、様式、流儀、（ときにthe 〜）流行,D,2
1337,hippopotamus,カバ,D,2
1338,embrace,（主義などを）採用する、抱き締める,D,2
1339,sacrifice,犠牲、犠牲にする、いけにえとしてささげる,D,2
1340,seemingly,うわべは,D,2
1341,capitalism,資本主義,D,2
1342,deal,（商品を）扱う（in）、分け与える、取引、量,D,2
1343,gravity,引力、真面目さ、重大さ,D,2
1344,fictitious,創作の、架空の、偽りの,D,2
1345,spread,広がる、広げる、広まり,D,2
1346,favor,好意、好意を示す,D,2
1347,philosophy,哲学,D,2
1348,amuse,楽しませる,D,2
1349,emerge,出現する、現れる,D,2
1350,thermal,温泉の、温度（熱）の,D,2
1351,irritate,いらいらさせる,D,2
1352,asset,（通例 〜s）資産,D,2
1353,boil,沸騰させる,D,2
1354,zip code,（しばしば Z-）郵便番号,D,2
1355,steep,険しい,D,2
1356,duel,決闘、果たし合い、決闘する,D,2
1357,lavish,気前よく与える、浪費する、気前のよい、豊富な,D,2
1358,clarify,明らかにする,D,2
1359,qualified,適任の、有能な,D,2
1360,mutual,相互の,D,2
1361,humidity,湿気,D,2
1362,refugee,避難民,D,2
1363,exaggerate,誇張する,D,2
1364,accountant,会計士,D,2
1365,reap,収穫する,D,2
1366,retina,（目の）網膜,D,2
1367,cling,しがみつく、くっつく,D,2
1368,current,現在の、目下の、潮流,D,2
1369,confirm,確認する,D,2
1370,slip,滑る、（紙などの）一片,D,2
1371,dinosaur,恐竜,D,2
1372,antelope,（インパラやガゼルなどのウシ科）アンテロープ,D,2
1373,hare,野ウサギ,D,2
1374,endeavor,努力する,D,2
1375,vapor,蒸気,D,2
1376,individual,個人,D,2
1377,implementation,実行、履行,D,2
1378,ample,十分な、豊富な、広い,D,2
1379,daring,大胆な,D,2
1380,manual,手動の、取扱説明書,D,2
1381,manufacture,生産（製造）する、製造,D,2
1382,roar,（ライオンなどが）ほえる、ほえ声、轟音,D,2
1383,confuse,（通例受身形で）困惑する、混同する,D,2
1384,overtake,追い越す、追い抜く,D,2
1385,vice versa,（通例 and/or、(but) not 〜）逆に,D,2
1386,coward,臆病者,D,2
1387,cedar,ヒマラヤスギ,D,2
1388,immune,免疫のある、免疫の,D,2
1389,interstate,州間の,D,2
1390,casualty,災害、死傷者、損害,D,2
1391,humble,謙虚な、つつましい、惨めな,D,2
1392,thaw,解ける、和らぐ、解かす、暖める、雪解け,D,2
1393,excursion,遠足,D,2
1394,bend,曲げる、曲がり,D,2
1395,ingenuity,創意、器用さ,D,2
1396,brood,（鳥が）卵を抱く、一腹の子（ヒナ）、繁殖用の,D,2
1397,anger,怒り,D,2
1398,potential,可能性のある、潜在的な,D,2
1399,bottom,（the 〜）下限、（通例 the 〜）底,D,2
1400,airborne,浮遊して、（花粉や種などが）風媒の、空輸の,D,2
1401,Secretary of State,（米国の）国務長官,D,2
1402,specimen,標本,D,2
1403,drowsy,眠い、眠気を誘う,D,2
1404,exclude,除外する,D,2
1405,amphibian,両生動物、水陸両用飛行機（戦車）、水陸両生の,D,2
1406,epicenter,（地震の）震央,D,2
1407,condemn,非難する、とがめる,D,2
1408,ecology,生態系,D,2
1409,mythology,神話,D,2
1410,site,現場、敷地、用地,D,2
1411,undergo,経験する,D,2
1412,vague,あいまいな,D,2
1413,virtually,実質的に,D,2
1414,geography,地理学,D,2
1415,census,人口調査、国勢調査、センサス,D,2
1416,strategy,戦略,D,2
1417,conceal,隠す,D,2
1418,heave,持ち上げる、投げる、上がる,D,2
1419,prey,餌食、獲物、捕食する,D,2
1420,condensation,凝結、（凝結した）水滴、凝結させる,D,2
1421,hire,雇う,D,2
1422,chronic,慢性の,D,2
1423,guideline,（通例 〜s）指針、ガイドライン,D,2
1424,arable,耕作に適した、耕地向きの,D,2
1425,colloquial,口語的な、会話的な,D,2
1426,indict,起訴する、告発する,D,2
1427,friction,摩擦、不和,D,2
1428,insult,辱める,D,2
1429,appoint,指名する,D,2
1430,chemistry,化学,D,2
1431,discard,放棄する、（不要なものを）捨てる,D,2
1432,absence,欠席、欠如,D,2
1433,spoil,害する、台無しにする,D,2
1434,squirrel,リス,D,2
1435,deceive,だます、思い違いをする,D,2
1436,interact,相互に作用する,D,2
1437,submersible,潜水艦,D,2
1438,beverage,飲み物,D,2
1439,circulate,循環する,D,2
1440,drag,（パソコン画面上で）ドラッグする、引きする,D,2
1441,likelihood,見込み、ありそうなこと,D,2
1442,fertile,肥沃な,D,2
1443,vicious,悪い、悪徳の,D,2
1444,alike,同様に、同様な、似ている,D,2
1445,spill,あふれ出る、こぼす,D,2
1446,defeat,敵を破る、敗北,D,2
1447,inject,注射する、注入する,D,2
1448,cosmetic,（通例 〜s）化粧品、美容の、うわべだけの,D,2
1449,application,申し込み、志願、適用、応用、貼付,D,2
1450,biosphere,（通例 the 〜）生物圏,D,2
1451,owl,フクロウ,D,2
1452,enforce,強制する、実施する,D,2
1453,abstract,抽象的な、難解な,D,2
1454,calamity,災難、災害,D,2
1455,equation,方程式、（the 〜）等しくすること,D,2
1456,vocational,職業の,D,2
1457,capture,（心などを）捕らえる,D,2
1458,vogue,（通例 a 〜）流行,D,2
1459,headline,見出し、ヘッドライン,D,2
1460,layer,層,D,2
1461,expenditure,支出、（〜s）経費、費用,D,2
1462,explicit,明確な、はっきりした,D,2
1463,mist,霧、ちや、かすみ,D,2
1464,conserve,（保護）保存する,D,2
1465,core,（通例 the 〜）中心、核心,D,2
1466,acknowledge,認める、受け取ったことを知らせる,D,2
1467,sphere,球、範囲,D,2
1468,digestive,消化の、消化を助ける,D,2
1469,minute,詳細な、微細な,D,2
1470,promote,昇進させる、宣伝する,D,2
1471,convex,凸面、凸状の,D,2
1472,clam,（ハマグリなどの）二枚貝,D,2
1473,intuition,直観、洞察力,D,2
1474,therapy,療法、治療,D,2
1475,approve,承認する、認可する,D,2
1476,pact,条約,D,2
1477,dwarf,（対照的に）小さく見せる、小人,D,2
1478,trunk,（木の）幹、象の鼻、トランク,D,2
1479,fundamental,基礎的な、根本的の、主要な,D,2
1480,ground,ひいた、すりつぶした,D,2
1481,dorsal,背面にある,D,2
1482,vanish,消える、見えなくなる,D,2
1483,physics,物理学,D,2
1484,cobblestone street,石で舗装された道,D,2
1485,passive,受け身の、進んで〜しようとしない,D,2
1486,grateful,感謝に満ちた,D,2
1487,plutonium,プルトニウム,D,2
1488,tilt,傾かせる、傾く、傾き,D,2
1489,catalyst,触媒,D,2
1490,advent,（the 〜）到来、（the A-）降臨,D,2
1491,criticize,批判する,D,2
1492,predatory,捕食性の,D,2
1493,sensible,賢明な、分別のある、感じられる,D,2
1494,brisk,きびきびした、活気のある,D,2
1495,natural selection,自然淘汰,D,2
1496,fungus,（キノコ・カビ・酵母などの）菌類,D,2
1497,welfare,福祉,D,2
1498,flaw,傷、欠点、ひびを入らせる,D,2
1499,infinite,無数の,D,2
1500,oak,オーク（カシの木など）,D,2
1501,certify,証明する、保証する,D,2
1502,innovate,導入する、革新する,D,2
1503,incidentally,偶然に,D,2
1504,capable,可能な,D,2
1505,obedient,従順な,D,2
1506,sting,刺す、刺すこと,D,2
1507,deepen,深める,D,2
1508,absorb,夢中にさせる、吸収する,D,2
1509,reasoning,推論、理論、論拠,D,2
1510,component,構成要素、成分、部品,D,2
1511,attributable,原因が〜のせいと考える,D,2
1512,destroy,破壊する,D,2
1513,pension,年金、手当,D,2
1514,drought,干ばつ,D,2
1515,framework,枠組み,D,2
1516,immature,未熟な,D,2
1517,intangible,触ることのできない、無形の,D,2
1518,gear,装備、（しばしば 〜s）歯車、（特定用途の）用具,D,2
1519,twig,小枝,D,2
1520,disorder,無秩序、混乱,D,2
1521,ranch,牧場,D,2
1522,tract,土地、地域、（海や空などの）広がり,D,2
1523,parody,パロディー、猿まね,D,2
1524,seize,（敵陣などを）奪う、捕まえる,D,2
1525,dreadful,恐ろしい,D,2
1526,terrestrial,陸生の、地球の,D,2
1527,apology,弁解、おわび,D,2
1528,honeycomb,蜂の巣状のもの、ミツバチの巣,D,2
1529,composition,構成、作曲、作文,D,2
1530,eventually,最終的に,D,2
1531,cluster,房、集団、群れ、群生する,D,2
1532,excavate,発掘する、穴を掘る,D,2
1533,curator,（図書館・美術館などの）館長、管理者,D,2
1534,optimistic,楽観的な,D,2
1535,chill,寒さ、悪寒,D,2
1536,limb,手足,D,2
1537,dim,かすんだ,D,2
1538,migrate,（鳥などが）渡る、移住する,D,2
1539,witness,目撃する、証言する、証人,D,2
1540,pile,積み重ね、たくさん、積み重ねる,D,2
1541,physician,内科医、医師,D,2
1542,obey,従う,D,2
1543,congest,（通例受身形で）混雑する、いっぱいになる,D,2
1544,dairy,乳製品、酪農,D,2
1545,stare,見つめる,D,2
1546,unlock,鍵を開ける、解き明かす,D,2
1547,bulk,かさ、容量,D,2
1548,roadside,（the 〜）道端,D,2
1549,customary,習慣的な,D,2
1550,portrait,肖像、ポートレート,D,2
1551,egoism,利己主義、エゴイズム、自分勝手,D,2
1552,acting,代理の、活動中の,D,2
1553,Temperate Zone,（the 〜）温帯,D,2
1554,debate,討論する、討論、議論,D,2
1555,restore,修復する、復興する,D,2
1556,renovate,刷新する、（古い建物・機械などを）修理する、修繕する,D,2
1557,facilitate,促進する、容易にする,D,2
1558,deadly,致命的な,D,2
1559,injustice,不正、不法,D,2
1560,essay,小論文、随筆、エッセー,D,2
1561,ecologist,生態学者,D,2
1562,fabricate,作り上げる、でっちあげる、製作する,D,2
1563,rub,こする、摩擦する、（通例 a〜）こすること,D,2
1564,content,満足して,D,2
1565,harm,害する、害,D,2
1566,overlook,見逃す、見渡す、大目に見る,D,2
1567,affair,事件、事柄、（〜s）業務,D,2
1568,burgeon,急速に発展する、芽生える、新芽,D,2
1569,peasant,農民,D,2
1570,threaten,脅かす,D,2
1571,prerequisite,必須条件、必要条件、あらかじめ必要な,D,2
1572,treadmill,ランニングマシーン,D,2
1573,muscle,筋肉,D,2
1574,overnight,一晩（中）、夜通し,D,2
1575,collide,衝突する、一致しない,D,2
1576,lunatic,狂気じみた、ばかげた,D,2
1577,decent,礼儀正しい、立派な、かなりの,D,2
1578,fraud,詐欺、不正行為,D,2
1579,accessible,アクセスできる、接近できる、利用可能な,D,2
1580,beneficial,有益な、有利な、恩恵を受ける,D,2
1581,concrete,具体的な、コンクリート,D,2
1582,ballot,投票、投票する,D,2
1583,carbohydrate,炭水化物,D,2
1584,livestock,家畜,D,2
1585,suspend,（活動などを）一時中止する、（空中などに）つるす,D,2
1586,absurd,ばかばかしい、不合理な,D,2
1587,weather,風化させる、風雨にさらす、天候,D,2
1588,urbane,洗練された、都会風の、あか抜けした,D,2
1589,norm,（しばしば 〜s）（行動などの）規範、（the 〜）（社会の）標準、水準,D,2
1590,enclose,同封する、囲う,D,2
1591,goods,品物、財（産）,D,2
1592,anxiety,心配、不安,D,2
1593,tremble,（恐怖、地震などで）震える,D,2
1594,soil,土壌,D,2
1595,sustain,支える、耐える、維持持する,D,2
1596,replace,〜に取って代わる、置き換える,D,2
1597,aviation,航空（学）、飛行,D,2
1598,envy,うらやむ、ねたみ,D,2
1599,tuna,マグロ、ツナ,D,2
1600,concentrate,集中する,D,2
1601,moss,（植物の）コケ,D,2
1602,infrared rays,赤外線,D,2
1603,courtesy,特別の扱い、優遇、礼儀,D,2
1604,devote,充てる、ささげる,D,2
1605,glance,ちらりと見る、ちらりと見ること,D,2
1606,colleague,同僚,D,2
1607,snail,カタツムリ、のろま,D,2
1608,skeptical,疑い深い,D,2
1609,comprehensive,包括的な,D,2
1610,lament,悲しむ、悲嘆,D,2
1611,radius,半径,D,2
1612,consciousness,意識,D,2
1613,candle,ろうそく,D,2
1614,surgeon,外科医,D,2
1615,confront,直面する,D,2
1616,beg,頼む、請う,D,2
1617,resign,辞任する,D,2
1618,sled,そり、そりに乗る,D,2
1619,contest,得ようと争う、競う、競技（会）,D,2
1620,dignify,威厳をつける,D,2
1621,recall,思い出す,D,2
1622,financial,財政上の、金融上の,D,2
1623,sociology,社会学,D,2
1624,testify,証言する、証明する,D,2
1625,ape,類人猿、（ゴリラなどの尾が無いか短い）サル,D,2
1626,hierarchy,（一般にピラミッド型の）階層制,D,2
1627,allowance,手当、小遣い、割当、許容値,D,2
1628,alarm,警告する、驚き、警報,D,2
1629,advantageous,有利な、都合の良い,D,2
1630,cavity,空洞、虫歯（の穴）,D,2
1631,longitude,経度,D,2
1632,irony,皮肉、風刺、反語,D,2
1633,gratitude,謝意,D,2
1634,revise,（意見・態度・数値などを）修正する、変更する,D,2
1635,inherit,（財産・権利などを）受け継ぐ、相承する,D,2
1636,cultivate,（土地を）耕す、修養する,D,2
1637,consist,（部分や要素から）成る,D,2
1638,continuous,継続した,D,2
1639,respiration,呼吸,D,2
1640,ozone,オゾン,D,2
1641,partial,一部分の,D,2
1642,halfway,中間点で,D,2
1643,gut,腸、はらわた、根性,D,2
1644,lessen,減らす、小さくする,D,2
1645,consistent,（人が信念・言動などにおいて）首尾一貫した,D,2
1646,perch,（鳥かごなどの）止まり木、（鳥が）止まる,D,2
1647,sanctuary,自然（鳥獣）保護区,D,2
1648,passionate,情熱的な、熱烈な,D,2
1649,proceed,〜し始める、前進する,D,2
1650,duration,持続期間、耐用期間,D,2
1651,chore,日常の雑用,D,2
1652,dilemma,板ばさみ、ジレンマ、窮地,D,2
1653,swell,（打撲・病気などで）腫れる,D,2
1654,reign,統治する,D,2
1655,sigh,（疲れ・悲しみ・安心・満足などで）ため息をつく,D,2
1656,anguish,苦痛、悲しみ,D,2
1657,attain,（地位などを）手に入れる、達する,D,2
1658,upset,駄目にする、転覆させる,D,2
1659,ongoing,進行中の,D,2
1660,entrepreneur,企業家、起業家、（演劇・音楽関係の）興行主,D,2
1661,shiver,（寒さで）震える、震え、悪寒,D,2
1662,pivotal,中心となる、旋回軸軸の,D,2
1663,seek,探す、調査する,D,2
1664,chronicle,年代記、記録,D,2
1665,peck,（鳥が）ついばむ、（くちばしで）つつく、ついばむこと,D,2
1666,successor,後継者,D,2
1667,ankle,くるぶし,D,2
1668,category,範疇、カテゴリー,D,2
1669,substitute,代替する,D,2
1670,household,世帯、家庭,D,2
1671,biology,生物学,D,2
1672,iceberg,氷山,D,2
1673,usher,〜の先触れとなる、到来を告げる、案内する、（劇場の）案内係,D,2
1674,banish,追放する、追い払う,D,2
1675,arrangement,整頓、取り決め、準備,D,2
1676,conference,（公式の）会議、相談,D,2
1677,bimonthly,隔月に、隔月刊行物［雑誌］,D,2
1678,afterward,その後,D,2
1679,artificial,人工的な,D,2
1680,fatigue,（心身の相当な）疲れ、とても疲れさせる,D,2
1681,omnivore,（人間などのように）雑食性の動物,D,2
1682,orchard,果樹園,D,2
1683,encounter,遭遇する、出会う、遭遇,D,2
1684,tremor,（声などの）震え、（地面などの）震動,D,2
1685,prepare,準備する,D,2
1686,tomb,墓,D,2
1687,fauna,（ある地方・時代の）動物相,D,2
1688,verbal,言葉の、口で言う,D,2
1689,draft,下書き、設計図、手形、（室内の）通風,D,2
1690,extinguish,（火・光などを）消す、（希望・情熱などを）失わせる,D,2
1691,part-time,パートタイムの,D,2
1692,accommodate,順応させる、宿泊させる、収容する,D,2
1693,crustacean,（エビやミジンコなどの）甲殻類,D,2
1694,insert,挿入する,D,2
1695,ceiling,天井、（価格・賃金などの）最高限度,D,2
1696,vulnerable,（感情などが）傷つきやすい,D,2
1697,relevant,（当面の問題に）関連する、適切な,D,2
1698,tongue,舌、言語、話す能力,D,2
1699,transmit,伝達する,D,2
1700,humiliate,恥をかかす,D,2
1701,clue,（解決の）糸口、（なぞを解く）鍵,D,2
1702,housing,住居建設、住宅,D,2
1703,ensure,確実にする、保証する、結果として起こる,D,2
1704,candidate,候補者,D,2
1705,cast,投げる、投票する、鋳造する、投げること、鋳型、（映画などの）配役,D,2
1706,retain,保つ、維持する,D,2
1707,eminent,素晴らしい、著名な,D,2
1708,beak,（鳥などの）くちばし,D,2
1709,questionnaire,質問表、アンケート,D,2
1710,exempt,免除する,D,2
1711,significant,重要な、顕著な,D,2
1712,prescription,処方せん、規定,D,2
1713,whisper,ささやく、ささやき,D,2
1714,rob,奪う,D,2
1715,vegetation,（一地域の）植生、（ある地域全ての）植物、草木,D,2
1716,urban,都市の、都会の,D,2
1717,hatch,孵化させる、孵化、ハッチ、ふた,D,2
1718,weary,疲れ果てた,D,2
1719,wasp,スズメバチ、ジガバチ,D,2
1720,detach,分離する,D,2
1721,pinpoint,（位置を）正確に示す、（原因などを）正確に指摘する、針の先、非常に正確な、精緻な,D,2
1722,designate,任命する、示す、意味する,D,2
1723,bloom,花が咲く、（観賞用の）花,D,2
1724,impose,課する,D,2
1725,horticulture,園芸（学）,D,2
1726,inaugurate,（通例受身形で）就任する、落成式を行う,D,2
1727,opaque,不透明な、（意味などが）分かりにくい,D,2
1728,approximately,ほぼ、近似的に,D,2
1729,rally,（政治的・宗教的な）集会、ラリー、集まる、結集する,D,2
1730,mandatory,強制的な、命令の,D,2
1731,lung,（脊椎動物の）肺,D,2
1732,lid,（容器の）ふた,D,2
1733,immigrate,（国外から）移住してくる,D,2
1734,drill,訓練、訓練を行う、穴を開ける,D,2
1735,description,記述,D,2
1736,remove,（不要なもの・制限・汚れを）取り除く,D,2
1737,analogy,類推、推論、類似、相似,D,2
1738,outskirts,(the~)郊外、周辺,D,2
1739,aboriginal,先住の、原生の,D,2
1740,nutrition,滋養、栄養物,D,2
1741,offspring,（集合的に）（人・動物の）子孫、子,D,2
1742,incline,（受身形で）〜したいと思う、〜する気がある,D,2
1743,hatred,憎しみ,D,2
1744,technical,専門の、技術的な,D,2
1745,virtue,徳、善行、長所,D,2
1746,reproduce,（動植物が）繁殖する、（器官などを）再生する、複製する,D,2
1747,blizzard,吹雪、雪嵐,D,2
1748,prevalent,（病気が）蔓延している、普及している,D,2
1749,span,期間,D,2
1750,digit,（アラビア）数字、（人間の）指,D,2
1751,prospect,見込み、予測,D,2
1752,subtle,微妙な、わずかな,D,2
1753,withstand,（圧力・困難などに）耐える、抵抗する,D,2
1754,forbid,禁止する,D,2
1755,extraordinary,異常な、特異の,D,2
1756,affect,（強い）影響を及ぼす,D,2
1757,up-to-date,最新の,D,2
1758,polar bear,北極グマ,D,2
1759,competent,有能な,D,2
1760,soak,（しばしば受身形で）ずぶぬれになる、ぬれる、（液体に）浸す,D,2
1761,contrary,（性質などが）反対の,D,2
1762,transfusion,輸血,D,2
1763,terra,土、大地,D,2
1764,fossil,化石,D,2
1765,queue,（人・車などの順番を待つ）列、待ち行列、列をつくる,D,2
1766,stir,（液体などを）かき混ぜる、（かすかに）動かす,D,2
1767,steer,（船などの）かじをとる,D,2
1768,appropriate,（特定の目的・状況などに）ふさわしい、適切な、適当な,D,2
1769,natural science,自然科学,D,2
1770,breadth,幅,D,2
1771,remark,論評する、（批評・感想などを）述べる、意見,D,2
1772,deserve,値する、価値がある,D,2
1773,ethnic,民族の、エスニックな,D,2
1774,fluency,（弁舌などの）滑らかさ,D,2
1775,damp,（不快な）湿気のある,D,2
1776,paradox,逆説、パラドックス,D,2
1777,civil,市民の、（軍人・官吏に対して）民間の,D,2
1778,squid,イカ,D,2
1779,extend,拡大［拡張］する、伸ばす,D,2
1780,nest,巣、巣ごもる,D,2
1781,implement,（計画・政策・提案などを）実行する、（契約などを）履行する,D,2
1782,magnetism,磁気、磁性、磁気作用,D,2
1783,pending,未解決の、懸案中の,D,2
1784,vertebrate,脊椎動物、脊椎のある,D,2
1785,facet,（宝石・結晶などの）彫面、（物事の）一面,D,2
1786,medieval,中世の,D,2
1787,burst,（通例進行形で）充満する、（管・タイヤ類が）破裂する,D,2
1788,probability,可能性、確率,D,2
1789,prudent,賢明な、慎重な,D,2
1790,economics,経済学,D,2
1791,explode,（爆弾・ガス・ボイラーなどが）爆発する,D,2
1792,athlete,運動選手,D,2
1793,concept,観念、（大体の）考え,D,2
1794,budget,予算,D,2
1795,artisan,職人、熟練工,D,2
1796,clap,手をたたく,D,2
1797,scorn,嘲笑する、軽蔑する,D,2
1798,sink,沈む、（台所などの）流し,D,2
1799,address,演説する、あて先、住所,D,2
1800,coalition,連合、合同,D,2
1801,casual,カジュアルな,D,2
1802,idle,（物・場所が）使われていない、暇な、無駄な,D,2
1803,glacier,氷河,D,2
1804,chronological order,年代順,D,2
1805,context,文脈、状況,D,2
1806,commonplace,ありふれた、平凡な、ありふれたこと,D,2
1807,synthesis,統合、合成,D,2
1808,convince,納得させる,D,2
1809,fragile,壊れやすい,D,2
1810,entomology,昆虫学,D,2
1811,inquire,尋ねる、調べる,D,2
1812,competitive,競争的な,D,2
1813,discharge,（気体・液体などを）排出する,D,2
1814,porous,多孔性の、浸透性の,D,2
1815,breathe,息をする,D,2
1816,discreet,思慮深い、（言動が）慎重な,D,2
1817,deadline,（最終）期限,D,2
1818,wound,（戦争・事故などによる）傷、（人を）傷つける、（感情などを）害する,D,2
1819,affirm,主張する、断言する,D,2
1820,tryout,（スポーツチーム・劇団などの）適性試験、オーディション,D,2
1821,amend,（法案・憲法などの字句を）修正する,D,2
1822,isolate,孤立させる,D,2
1823,justify,正当化する,D,2
1824,hawk,（鳥の）タカ,D,2
1825,extract,抽出する、（歯などを）抜く、（情報などを）引き出す,D,2
1826,epoch,（歴史・人生上の）新時代、新時期、エポック,D,2
1827,imitate,模倣する,D,2
1828,endow,（通例受身形で）授けられている、（基金として）寄付する,D,2
1829,thrust,（ある状態に）追いやる、押し付ける、突出する、突き進む,D,2
1830,wholesale,卸売り,D,2
1831,utility,効用、（通例 -ties で）公益事業,D,2
1832,refrain,慎む、断つ、やめる,D,2
1833,probe,探査する、精査する、探査衛星,D,2
1834,feeble,（体が）弱い、（光・音などが）かすかな,D,2
1835,fractured,粉々になった、破砕した,D,2
1836,persistent,しつこい、頑固な、持続的な,D,2
1837,well-off,裕福な,D,2
1838,immense,巨大な,D,2
1839,ambush,待ち伏せて急襲する,D,3
1840,bountiful,豊富な、物惜しみしない,D,3
1841,inhale,吸い込む、吸入する,D,3
1842,crane,クレーン、（鳥の）ツル,D,3
1843,inflame,（情熱などを）かき立てる、燃え上がらせる,D,3
1844,predecessor,前任者,D,3
1845,meager,乏しい、貧弱な、痩せた,D,3
1846,alternative,代替の、代わりの、どちらか一つ,D,3
1847,tripe,くだらないもの,D,3
1848,prawn,クルマエビ,D,3
1849,offset,相殺する、相殺するもの,D,3
1850,tan,日焼けした色、日焼けさせる、日焼けした,D,3
1851,temperate,穏やかな、節度のある,D,3
1852,outcome,結果、成果,D,3
1853,hardy,（動植物が）耐寒性の、頑丈な、勇敢な,D,3
1854,attorney,代理人、弁護士、検事,D,3
1855,placate,なだめる、和らげる,D,3
1856,sea anemone,イソギンチャク,D,3
1857,homogeneous,均質の、同種の,D,3
1858,unprecedented,先例のない、無比な,D,3
1859,inundate,（通例受身形で）殺到する、水浸しにする、氾濫する,D,3
1860,taint,（通例受身形で）傷つける、汚す,D,3
1861,octopus,タコ,D,3
1862,monopoly,独占,D,3
1863,strain,引っ張る、引き締める、種族,D,3
1864,blackout,停電、消灯、灯火管制,D,3
1865,stimulant,刺激物,D,3
1866,mercantile,商業の、商人の,D,3
1867,unique,独特の、ただ一つの、珍しい,D,3
1868,utopia,ユートピア、理想郷,D,3
1869,built-in,作り付けの,D,3
1870,strand,立ち往生させる、（船を）座礁させる、要素、成分、より糸,D,3
1871,arsenal,兵器庫、兵器工場,D,3
1872,insolvent,破産した、支払不能の,D,3
1873,decree,法令、布告、布告する、命令する,D,3
1874,impetus,起動力、はずみ,D,3
1875,precipitate,引き起こす、雨になる,D,3
1876,intricate,複雑な、込み入った,D,3
1877,admonish,忠告する,D,3
1878,loquacious,おしゃべりの、話し好きな,D,3
1879,conviction,確信、有罪判決,D,3
1880,transplant,（臓器などの）移植、移植する,D,3
1881,amity,友好、親善,D,3
1882,astronomical,（数量などが）膨大な、天文（学）の,D,3
1883,attrition,（人員などの）自然減、磨滅、消耗,D,3
1884,platypus,カモノハシ,D,3
1885,diffuse,散らす、拡散する,D,3
1886,intrinsically,本質的に、本来,D,3
1887,attest,証明する、立証する、証拠となる,D,3
1888,sanitation,衛生設備、公衆衛生,D,3
1889,fiscal,財政の、会計の,D,3
1890,markedly,著しく、際立って,D,3
1891,expose,（日光などに）さらす,D,3
1892,overtime,時間外労働、時間外の、時間外に,D,3
1893,pasture,牧草地,D,3
1894,plaintiff,原告、告訴人,D,3
1895,prescribe,処方する、指図する,D,3
1896,ail,患う、苦しめる,D,3
1897,posture,姿勢、状況,D,3
1898,verdict,評決,D,3
1899,magnitude,大きさ、重要性、（地震の）震度、マグニチュード,D,3
1900,devoid,〜を欠いている,D,3
1901,celebrated,有名な,D,3
1902,paralysis,まひ、停滞,D,3
1903,reputed,〜という評判の、〜とうわさされている,D,3
1904,residue,残り、残留物、（数学の）剰余,D,3
1905,retard,遅らせる、妨害する,D,3
1906,anchor,いかりを下ろす、いかり,D,3
1907,pod,（エンドウなどの）さや,D,3
1908,viable,実行可能な、生存に適した,D,3
1909,remit,送金する,D,3
1910,fathom,（深さを）測る、見抜く、理解する、（水の深さを測る単位の）ひろ,D,3
1911,surge,波のように押し寄せる、群衆の殺到、高まり、動揺,D,3
1912,conductive,伝導性の、伝導力のある,D,3
1913,chuckle,くすくす笑い、くすくす笑う,D,3
1914,sprinkle,（水を）まく,D,3
1915,domain,領域、分野、領地、領土,D,3
1916,unfold,開く、広げる,D,3
1917,solemn,荘厳な、荘重な,D,3
1918,transitory,はかない、一時的な,D,3
1919,liaison,連絡、リエゾン,D,3
1920,stern,厳格な,D,3
1921,impede,妨げる,D,3
1922,peripheral,重要でない、末梢の、周囲の,D,3
1923,falcon,ハヤブサ,D,3
1924,alloy,合金、合金にする,D,3
1925,stroll,ぶらつく、放浪する,D,3
1926,refute,誤りを証明する、論駁する,D,3
1927,intestine,（通例 〜s）腸,D,3
1928,terminology,専門用語、術語学,D,3
1929,singular,まれに見る、非凡な、風変わりな、単数の,D,3
1930,expire,失効する、満期になる,D,3
1931,monotonous,単調な、変化に乏しい,D,3
1932,ingenious,才能のある、独創的な、器用な、巧妙に作られた、精巧な,D,3
1933,replenish,補給する、再び満たす,D,3
1934,matrix,（数学の）行列、マトリックス,D,3
1935,coach,（鉄道以前の）大型馬車、（テニスなどの）コーチ,D,3
1936,kidney,腎臓,D,3
1937,succinct,簡潔な、ずばりの,D,3
1938,poach,密漁する,D,3
1939,collapse,崩壊、崩れ落ちる,D,3
1940,inscribe,（文字などを）刻む、記す,D,3
1941,hectic,てんやわんやの、熱のある、興奮した,D,3
1942,suppress,抑える、抑圧する,D,3
1943,tentative,仮の、試験的な、不確かな,D,3
1944,archipelago,群島、諸島,D,3
1945,cascade,（段々に落ちる）滝、滝のように水が流れる,D,3
1946,authoritarian,権威主義の、権威主義者,D,3
1947,mercy,慈悲、哀れみ,D,3
1948,savory,食欲をそそる、味の良い,D,3
1949,continental shelf,大陸棚,D,3
1950,radioactive,放射性［能］の（ある）,D,3
1951,shoddy,粗雑な、安物の,D,3
1952,erode,むしばむ、腐食する、浸食する,D,3
1953,validate,妥当性を立証する、法的に有効にする,D,3
1954,tactics,戦術、戦略,D,3
1955,compelling,説明力のある、人を感動させずにはおかない、思わず釣り込まれる,D,3
1956,profusely,深く、豊富に,D,3
1957,cursory,大まかな、せっかちの、ぞんざいな,D,3
1958,disperse,分散させる,D,3
1959,overturn,横転させる、ひっくり返す,D,3
1960,degrade,（格や品位を）落とす、（面目を）失わせる,D,3
1961,coexistence,共存,D,3
1962,whirl,ぐるぐる回る、旋回させる,D,3
1963,proprietor,所有者、（特に不動産の）持ち主,D,3
1964,discerning,明敏な、洞察力のある,D,3
1965,masonry,石造物、石工術,D,3
1966,jolt,（急激に）揺さぶる、（精神的な）衝撃,D,3
1967,mole,モグラ、ほくろ、防波堤,D,3
1968,strive,戦う、努力する,D,3
1969,dispatch,急送する、急派する,D,3
1970,discourse,論文,D,3
1971,prose,散文,D,3
1972,expertise,専門家の意見［技術、知識］,D,3
1973,smash,粉砕する、衝突する,D,3
1974,brand,烙印を押す,D,3
1975,appraise,鑑定する、評価する、判断する,D,3
1976,upright,真っすぐに、直立して,D,3
1977,withdraw,撤退する、（預金を）引き出す,D,3
1978,congregate,集まる、集合する、召集する,D,3
1979,allure,魅惑する、誘い込む,D,3
1980,equity,公平、公正,D,3
1981,bristle,（昆虫やブタなどの）剛毛、針毛、（動物が怒って）毛を逆立てる、密生する,D,3
1982,fierce,激しい,D,3
1983,leverage,てこの作用、レバレッジ,D,3
1984,articulate,はっきり述べる、話のはっきりした,D,3
1885,cardiac,心臓の,D,3
1986,conspicuous,目立つ、派手な,D,3
1987,materialism,物質主義、唯物論、唯物主義,D,3
1988,absolute,完全な,D,3
1989,imprison,刑務所に入れる,D,3
1990,satire,風刺、皮肉,D,3
1991,salvation,救済,D,3
1992,commemorate,記念する,D,3
1993,merger,合併,D,3
1994,problematic,問題のある、未定の,D,3
1995,herald,先触れ、先駆者、先触れをする、布告をする,D,3
1996,dew,露,D,3
1997,culminate,頂点に達する,D,3
1998,renounce,（権利を）放棄する、絶交する,D,3
1999,surcharge,追加料金,D,3
2000,lofty,崇高な、高慢な、非常に高い,D,3
2001,dune,砂丘,D,3
2002,scrutinize,詳細に調べる、吟味する,D,3
2003,philanthropist,博愛主義者,D,3
2004,stoop,かがむ、堕落する,D,3
2005,symmetry,対称、釣り合い,D,3
2006,archive,（しばしば 〜s）公文書、記録、記録保管所,D,3
2007,detain,引き留める、勾留する,D,3
2008,disk,椎間板、円盤、CD,D,3
2009,seclusion,隔離、孤立、引きこもること、へき地,D,3
2010,aloft,高く、上に,D,3
2011,tranquil,穏やかな,D,3
2012,shrewd,賢い、抜け目のない,D,3
2013,proposition,提案、命題,D,3
2014,incite,鼓舞する、励ます、刺激する,D,3
2015,reckless,無謀な、向こう見ずの,D,3
2016,diverge,（意見などが）異なる、分かれる、分岐する,D,3
2017,lethal,致死の,D,3
2018,margin,縁、へり、限界、利ざや,D,3
2019,potent,有力な、（酒が）強い、力強い,D,3
2020,aggression,侵害,D,3
2021,fringe,へり、房飾り、（通例 the 〜(s)）（学問・活動などの）外縁部、周辺部,D,3
2022,assassinate,暗殺する,D,3
2023,intake,（水や空気などの）取り入れ口、摂取量,D,3
2024,epilogue,エピローグ、（小説・詩などの）結び、（事件などの）結末,D,3
2025,composure,落ち着き、平静,D,3
2026,imaginative,想像力に富んだ,D,3
2027,insane,正気でない、狂気の,D,3
2028,levy,徴収する、賦課する,D,3
2029,mutter,ぶつぶつ言う、つぶやく,D,3
2030,desperate,必死の、自暴自棄の,D,3
2031,magnificent,壮大な、立派な,D,3
2032,inventory,在庫、棚卸し,D,3
2033,dismantle,（機械などを）分解する,D,3
2034,scavenger,（ハゲタカなどの）腐肉を食べる動物、清掃動物、清掃人,D,3
2035,kindle,点火する、燃やす,D,3
2036,uprising,反乱、暴動,D,3
2037,reactor,原子炉、反応炉,D,3
2038,relic,遺跡、遺品,D,3
2039,tundra,ツンドラ,D,3
2040,invoke,嘆願する、呼び覚ます、祈願する、（法律などに）訴える,D,3
2041,meadow,（しばしば 〜s）牧草地、草地,D,3
2042,thrive,（植物などが）成長する、茂る、繁殖する、栄える,D,3
2043,illuminate,照らす、照明する、明るくする,D,3
2044,pragmatic,実践的な、プラグマティズムの,D,3
2045,deference,服従、敬意,D,3
2046,pupa,さなぎ,D,3
2047,disclose,暴露する,D,3
2048,displace,取って代わる、立ち退かせる,D,3
2049,ominous,不穏な、不吉な、陰険な,D,3
2050,oscillate,（前後に）揺れる、振動する、振動させる,D,3
2051,symptom,（病気などの）兆候,D,3
2052,identity,（自己の）存在証明、本人であると認める、同一視する,D,3
2053,deputy,代理（人）、副官,D,3
2054,imaginary,想像上の,D,3
2055,agile,機敏な、頭の回転が速い,D,3
2056,wither,衰退する、枯れる,D,3
2057,projection,突出、投影、計画,D,3
2058,accompaniment,伴奏、付属物,D,3
2059,bolster,高める、支持する、支え,D,3
2060,blink,見て見ぬふりをする、まばたきする,D,3
2061,accumulate,集める、（お金などを）ためる,D,3
2062,appease,なだめる、譲歩する、満たす,D,3
2063,cruel,残酷な,D,3
2064,unsteady,不安定な,D,3
2065,premise,前提、（〜s）家屋敷,D,3
2066,cosmic,宇宙の,D,3
2067,insolent,横柄な、傲慢な、無礼な,D,3
2068,nostalgia,追憶、郷愁,D,3
2069,abruptly,突然に,D,3
2070,invert,逆にする、転化する,D,3
2071,oblique,斜めの、遠回しな,D,3
2072,reconcile,調停する、和解させる,D,3
2073,coffin,棺,D,3
2074,lucrative,利益の上がる、もうかる,D,3
2075,prosecution,起訴、告発、遂行、prosecute,D,3
2076,infrastructure,基礎構造、インフラ,D,3
2077,submerge,水に浸す、潜水する,D,3
2078,dividend,配当（金）,D,3
2079,endorse,裏書きする、支持する,D,3
2080,confine,制限する、閉じ込める、（通例 〜s）限度、境界,D,3
2081,personnel,人員、職員,D,3
2082,linguistics,言語学,D,3
2083,indecisive,優柔不断の,D,3
2084,ritual,儀式,D,3
2085,conceive,（計画などを）思いつく、子をはらむ、想像する,D,3
2086,spur,刺激する、拍車,D,3
2087,wrath,激怒,D,3
2088,obliterate,完全に破壊する、消す,D,3
2089,apathy,無感動、無関心,D,3
2090,surpass,勝る、しのぐ,D,3
2091,realm,領域、王国、国土,D,3
2092,intervene,仲裁をする、（間に）入る,D,3
2093,defiance,挑戦,D,3
2094,frail,ひ弱な、はかない、もろい,D,3
2095,deliberate,計画的な、考え深い、慎重な,D,3
2096,leukemia,白血病,D,3
2097,feudal,封建的な,D,3
2098,municipal,地方自治の、自治都市の,D,3
2099,meddle,干渉する、手出しをする,D,3
2100,monarchy,君主国、(the ~)君主政治、(the ~)君主制度,D,3
2101,turbulent,騒々しい、（感情などが）かき乱された、荒れ狂う,D,3
2102,collective,集団的な,D,3
2103,prodigal,浪費する、散財する,D,3
2104,outset,(the ~)着手、(the ~)発端,D,3
2105,pastime,娯楽、遊戯,D,3
2106,soot,すす,D,3
2107,brittle,もろい、壊れやすい、心の冷たい,D,3
2108,paddy field,(稲の)水田,D,3
2109,lucid,分かりやすい、明快な、透明な,D,3
2110,cradle,ゆりかご,D,3
2111,penetrate,貫く、突き抜ける,D,3
2112,abide,(by を伴って)(規則を)守る,D,3
2113,compliance,追従、従うこと,D,3
2114,converge,集中する、収束する,D,3
2115,solicit,勧誘する、懇願する、熱心に説く,D,3
2116,livelihood,生計,D,3
2117,decomposer,(ミミズやバクテリアなどの)分解生物,D,3
2118,tangible,有形の,D,3
2119,distrust,(a ~)疑惑、疑う,D,3
2120,empirical,実験に基づいた、経験を基礎とする,D,3
2121,ambivalence,相反する感情、ためらい,D,3
2122,contempt,さげすみ、侮辱、恥辱、侮辱行為,D,3
2123,console,慰める、元気づける,D,3
2124,volatile,揮発性の、不安定な,D,3
2125,eccentric,常軌を逸した、変な,D,3
2126,alleviate,和らげる、緩和する,D,3
2127,compound,複合、合成、合成の、合成物を作る,D,3
2128,abuse,乱用する、虐待する,D,3
2129,credility,すぐに信じ込む性質,D,3
2130,elapse,(時が)経過する,D,3
2131,exile,追放、流刑、(通例受身形で)国外追放になる,D,3
2132,placebo,偽薬、プラシーボ,D,3
2133,addiction,常用、ふけること,D,3
2134,distort,ゆがめる、ねじる,D,3
2135,commence,始める,D,3
2136,zealot,熱狂する人、狂信者,D,3
2137,finesse,技巧、巧妙な処理、策略,D,3
2138,numb,かじかんだ、まひした、ぼうぜんとした,D,3
2139,conifer,球果植物、針葉樹,D,3
2140,tractable,扱いやすい、従順な、細工しやすい,D,3
2141,instantaneously,即時に,D,3
2142,stalk,茎、柄、忍び寄る、ストーカー行為をする,D,3
2143,husbandry,農業、耕作、節約、家計のやりくり,D,3
2144,retrieve,(猟犬が)取ってくる、取り戻す、回収する,D,3
2145,torture,拷問、苦痛,D,3
2146,infringe,権利を侵害する、(法を)破る,D,3
2147,momentous,重大な、重要な,D,3
2148,incur,(負債などを)被る、負う,D,3
2149,grass roots,(the ~)草の根(運動),D,3
2150,affliction,苦痛、災難,D,3
2151,extort,強要する、無理強いする,D,3
2152,tame,調教する、飼い慣らされた、退屈な,D,3
2153,consecutive,引き続く、連続的な,D,3
2154,segregation,人種差別、(人種)隔離,D,3
2155,heterogeneous,(異種)混成の、異成分から成る、不均質の,D,3
2156,periphery,(通例 the ~)周辺部、外周,D,3
2157,insecticide,殺虫剤,D,3
2158,rebellion,謀反、反乱,D,3
2159,pupil,(眼の)瞳孔,D,3
2160,itinerary,旅行日程(表),D,3
2161,infallible,決して誤らない、絶対に確実な、信頼の置ける,D,3
2162,blatant,ずうずうしい、騒々しい,D,3
2163,blanket,覆う、毛布,D,3
2164,rugged,険しい、でこぼこな、困難な,D,3
2165,notoriety,悪評,D,3
2166,infer,推測する、暗示する,D,3
2167,subordinate,部下、従属する、下位の,D,3
2168,Neptune,海王星,D,3
2169,impending,差し迫った、切迫した,D,3
2170,oblivion,忘却,D,3
2171,innate,生来の、先天的な,D,3
2172,replica,原作の写し、模写、複製,D,3
2173,formidable,手ごわい、恐るべき,D,3
2174,luminous,光り輝く、明るい、明白な,D,3
2175,communal,共同の、公共の、共同社会の、地方自治体の,D,3
2176,nuisance,迷惑な人[行為、もの],D,3
2177,incompatible,馬が合わない、両立しない,D,3
2178,ascertain,(事実などを)確かめる、突き止める,D,3
2179,gale,疾風、大風,D,3
2180,lateral,横の、側面の、(道路の)側溝,D,3
2181,miscellaneous,種々雑多な,D,3
2182,rubble,石くず、がれき,D,3
2183,fluorescence,蛍光発光、蛍光性,D,3
2184,inception,(the ~)(活動・組織などの)開始、発端,D,3
2185,allotment,割当、配当,D,3
2186,conscience,良心,D,3
2187,render,与える、報いる,D,3
2188,submissive,従順な,D,3
2189,outright,率直に、完全に、率直な、全くの,D,3
2190,nominal,名ばかりの,D,3
2191,burden,負担、(心などの)重荷、負担をかける,D,3
2192,superb,素晴らしい,D,3
2193,frugal,質素な、倹約する,D,3
2194,dubious,いかがわしい、怪しげな,D,3
2195,cardinal,主要な、基本的な,D,3
2196,detergent,(合成)洗剤,D,3
2197,tacit,無言の,D,3
2198,mucous membrane,(the ~)(鼻などの)粘膜,D,3
2199,grim,険しい、残酷な,D,3
2200,catastrophe,大変動、大被害,D,3
2201,invoice,送り状,D,3
2202,barely,かろうじて、ほとんど〜ない,D,3
2203,ardent,熱心な,D,3
2204,stake,利害、くい、棒,D,3
2205,brand-new,真新しい,D,3
2206,resignation,辞職,D,3
2207,jargon,特殊用語、たわ言,D,3
2208,tornado,(大)竜巻,D,3
2209,emancipate,解放する、自由にする,D,3
2210,adverse,有害な、不利な、反対する,D,3
2211,affiliate,提携させる、加入する,D,3
2212,simultaneous,同時に起こる,D,3
2213,supreme,至高の,D,3
2214,quarry,(石などを)切り出す、(事実などを)探し出す、石切場、採石場,D,3
2215,counterpart,対応する物や人、副本、写し、対のうちの一方[片われ],D,3
2216,pasteurization,低温殺菌、加熱殺菌,D,3
2217,hay,干し草,D,3
2218,unearth,(事実・証拠などを)明るみに出す、発掘する、掘り出す,D,3
2219,relevancy,関連、適合性,D,3
2220,runoff,地面を流れる雨水、排水、決勝戦,D,3
2221,trim,手入れる、刈り込む,D,3
2222,sodium,ナトリウム,D,3
2223,coherent,首尾一貫した,D,3
2224,oppression,圧迫、抑圧,D,3
2225,enmity,敵意、憎しみ,D,3
2226,bovine,ウシ（属）の、のっそりした、ウシ科の動物,D,3
2227,reclaim,開墾する、矯正する,D,3
2228,apathetic,無関心な、感情のない、冷淡な,D,3
2229,asymmetric,非対称な、不釣り合いの,D,3
2230,mitigate,和らげる、軽くする,D,3
2231,tribute,賛辞、貢ぎ物,D,3
2232,esteem,尊敬する、〜と思う、尊敬,D,3
2233,intrude,侵入する、邪魔する,D,3
2234,scan,入念に調べる、ざっと見る,D,3
2235,double helix,（遺伝子の）二重らせん構造,D,3
2236,godfather,（通例 〜s）（家系に関係なく）父祖、祖先,D,3
2237,disrupt,混乱させる、分裂させる,D,3
2238,glossary,用語解説、用語辞典,D,3
2239,elliptical,楕円の、長円の,D,3
2240,deploy,（軍を）配備［展開］する,D,3
2241,whisker,（ネコなどの）ひげ、（通例 〜s）頬ひげ,D,3
2242,coincide,一致する,D,3
2243,setback,妨げ、逆転、後退,D,3
2244,affirmative,賛成の、積極的な、賛成者側、肯定,D,3
2245,crescent,三日月,D,3
2246,eulogy,賛辞、賞賛,D,3
2247,sparrow,スズメ,D,3
2248,accordingly,それに応じて、従って,D,3
2249,tempt,誘惑する、そそのかす,D,3
2250,inoculation,（予防）接種,D,3
2251,preliminary,予備的な、準備の,D,3
2252,incidental,臨時の、付随して起こる、偶然の,D,3
2253,electron microscope,電子顕微鏡,D,3
2254,embellish,飾る、美しくする,D,3
2255,insensitive,無関心な、〜を感じない、無感覚な,D,3
2256,elusive,理解しにくい、捕らえにくい、逃げる,D,3
2257,embryonic,胎児の、未発達の,D,3
2258,freight,貨物（輸送）、船荷、運賃、貨物として運送する,D,3
2259,agent,成分、物質、代理店、代理人,D,3
2260,accuse,非難する、告発する,D,3
2261,creditor,債権者,D,3
2262,exploit,活用する、開発する、（鉱山を）掘る,D,3
2263,candor,素直さ、誠実さ、公平,D,3
2264,shred,（しばしば 〜s）一片、断片、ずたずたに裂く,D,3
2265,foresight,先見、将来への配慮,D,3
2266,clemency,寛大さ、慈悲,D,3
2267,methodical,秩序だった、（人が）きちんとした,D,3
2268,rectify,改正する、直す,D,3
2269,scrape,こすり取る、こすって滑らかにする,D,3
2270,precipitous,険しい、絶壁のような,D,3
2271,animate,活気づける、生き生きとした,D,3
2272,baroque,バロック式の、バロックの（特にバッハやヘンデルの音楽に代表される）,D,3
2273,junk,がらくた、廃品,D,3
2274,disintegrate,崩壊する［させる］、分解する［させる］,D,3
2275,nullify,無効にする,D,3
2276,myriad,無数、無数の,D,3
2277,phonetic,音声上の,D,3
2278,accelerate,加速する,D,3
2279,consequence,結論,D,3
2280,chaotic,混沌とした、無秩序な,D,3
2281,meticulously,綿密に,D,3
2282,poultry,（集合的に）（複数扱い）家禽,D,3
2283,anthropology,（文化）人類学,D,3
2284,upheaval,激変,D,3
2285,foster,育てる、養育する,D,3
2286,credibility,信用できること、信頼性,D,3
2287,impair,損なう、減じる,D,3
2288,exoskeleton,（昆虫の）外骨格,D,3
2289,ellipse,楕円,D,3
2290,thrifty,つましい、倹約する,D,3
2291,grotesque,奇怪な、異様な、グロテスクな,D,3
2292,precaution,予防、警戒,D,3
2293,latent,潜伏している、外から見えない,D,3
2294,liner,（大型の）定期船,D,3
2295,huddle,体を寄せ合う、集まって協議をする、縮こまる,D,3
2296,besiege,包囲する,D,3
2297,common sense,良識、常識,D,3
2298,indiscriminate,無差別の、乱雑な,D,3
2299,perish,腐る、滅びる、死ぬ,D,3
2300,touchy,厄介な、敏感な,D,3
2301,retiring,内気な、引っ込み思案な、隠居する,D,3
2302,peril,危険,D,3
2303,profusion,豊富,D,3
2304,abstain,慎む,D,3
2305,preside,司会をする、統轄する,D,3
2306,predominant,圧倒的な、優勢な,D,3
2307,bizarre,風変わりな、異様な,D,3
2308,bewilder,当惑させる,D,3
2309,deplore,非難する、遺憾に思う,D,3
2310,oxidize,酸化する,D,3
2311,embark,乗り出す、乗船する［させる］,D,3
2312,skeleton,骨格,D,3
2313,authenticate,本物であると証明する,D,3
2314,futile,無駄な、無益な、くだらない,D,3
2315,plead,弁護する、嘆願する,D,3
2316,mend,補修する,D,3
2317,sluggish,停滞した、怠惰な、のろい,D,3
2318,spawn,（しばしば集合的に）（魚やカエルなどの）卵、（卵を）産む,D,3
2319,indispensable,不可欠の,D,3
2320,yield,生む、屈服する、譲渡する、産出高、収益,D,3
2321,gum,（通例 〜s）歯茎,D,3
2322,veto,拒否権,D,3
2323,contemporary,現代的な、同時代の,D,3
2324,psychiatrist,精神科医,D,3
2325,liability,責任、義務、負債、傾向,D,3
2326,seismology,地震学,D,3
2327,ordinance,法令、布告,D,3
2328,herbicide,除草剤,D,3
2329,rookery,（アザラシやペンギンの）集団繁殖地,D,3
2330,appendix,付録、虫垂,D,3
2331,topography,地形（学）,D,3
2332,derive,由来する、得る,D,3
2333,mediate,調停する、仲介する、間接の、仲介の,D,3
2334,coagulate,（液体が）凝固する、固まる,D,3
2335,anonymity,匿名者、無名であること,D,3
2336,unwarranted,不当な、保証されていない、公認されていない,D,3
2337,coniferous tree,針葉樹,D,3
2338,makeshift,間に合わせの、当座しのぎの、間に合わせのもの、代用品,D,3
2339,smother,（火などを）消す、（感情などを）抑える、窒息させる,D,3
2340,tangle,紛糾［混乱］させる,D,3
2341,taper,先細りになること、細いろうそく、次第に減る、弱まる,D,3
2342,redundant,余分な,D,3
2343,replicate,複製する、模写する、再生された,D,3
2344,procession,行列、行進,D,3
2345,celestial,天の、空の、天体の,D,3
2346,sophistication,洗練された考え、高尚な好み、精巧化,D,3
2347,dine,食事する,D,3
2348,reservation,予約、心配事、気がかり、（法）留保の条件、居留地,D,3
2349,heredity,遺伝,D,3
2350,aberration,異常、常軌を逸すること,D,3
2351,marital,結婚の、夫婦間の,D,3
2352,exert,努力する、用いる、発揮する,D,3
2353,illusive,錯覚を起こさせる、幻想的な,D,3
2354,stockpile,備蓄する、備蓄,D,3
2355,greenback,米ドル紙幣,D,3
2356,coercion,強制、威圧,D,3
2357,offshore,オフショアの、海外の、沖の,D,3
2358,lapse,ちょっとした誤り、時の経過、権利の消失,D,3
2359,whistle,口笛を吹く、口笛、汽笛,D,3
2360,audit,監査する,D,3
2361,plenitude,十分、豊富,D,3
2362,tow,けん引する,D,3
2363,jurisdiction,（司法などの）管轄権,D,3
2364,dissident,反体制派（の人）,D,3
2365,dismiss,解雇する、去らせる,D,3
2366,enlightenment,啓発、啓蒙,D,3
2367,evergreen,常緑の,D,3
2368,levity,軽薄、不謹慎,D,3
2369,wharf,埠頭,D,3
2370,virtual,仮想の、実質上の,D,3
2371,descend,下る、受け継がれる,D,3
2372,outlook,外観、眺望,D,3
2373,defame,中傷する,D,3
2374,energize,元気づける、活力を与える,D,3
2375,seismic,地震の,D,3
2376,authentic,本物の、信頼できる,D,3
2377,buoy,（下落しないように）支える、浮かす、ブイ,D,3
2378,ardor,熱心、熱意,D,3
2379,siege,包囲（攻撃）,D,3
2380,mirage,蜃気楼,D,3
2381,transparent,透明な,D,3
2382,assessment,評価、査定、（環境などの）アセスメント、評価額,D,3
2383,credence,信用,D,3
2384,flux,流れ、流転、（金属を溶けやすくするために用いる）フラックス,D,3
2385,lumber,のしのし歩く、木材、材木,D,3
2386,solitary,孤独の,D,3
2387,hinder,妨害する,D,3
2388,constraint,強制、制約、束縛,D,3
2389,practical,実際の、実用の、事実上の,D,3
2390,divergent,異なる、分岐する,D,3
2391,integrate,統一する、まとめる、溶け込ませる,D,3
2392,anomaly,異例な物［人］、破格,D,3
2393,proximity,近接,D,3
2394,affluence,富裕、豊富さ,D,3
2395,amicable,友好的な,D,3
2396,repent,後悔する,D,3
2397,conversion,転換、改宗、換算,D,3
2398,diurnal,昼間活動する、昼間の,D,3
2399,genetics,遺伝学,D,3
2400,ordeal,試練,D,3
2401,incubate,（卵を）かえす、培養する,D,3
2402,cumbersome,（重く大きくて）扱いにくい、厄介な,D,3
2403,adhere,忠実である、固執する、しっかりと付く,D,3
2404,delete,削除する、消す,D,3
2405,maternal,母親の、母親らしい,D,3
2406,spark,火花、火花を出す、スパークする,D,3
2407,thorax,胸部,D,3
2408,preclude,排除する、妨げる,D,3
2409,exacerbate,悪化させる、怒らせる,D,3
2410,erratic,不規則な、とっぴな,D,3
2411,petty,（通例限定用法）ささいな、小規模な、価値の少ない、取るに足らない,D,3
2412,latency period,（病気の）潜伏期間,D,3
2413,faction,党派、派閥,D,3
2414,excerpt,抜粋、抜粋する,D,3
2415,woe,（通例 〜s）悲痛、苦悩、災難,D,3
2416,equivocal,はっきりしない、両義にとれる,D,3
2417,afflict,悩ます、苦しめる,D,3
2418,eradicate,根絶する、撲滅する,D,3
2419,despise,軽蔑する、ばかにする,D,3
2420,riverbed,川底,D,3
2421,rudimentary,基本的な、初歩的な、原始的な,D,3
2422,wilderness,自然の原野、荒野,D,3
2423,static,変化のない、静的な,D,3
2424,frontier,国境、辺境、フロンティア,D,3
2425,benign,穏やかな、慈悲深い、（腫瘍などが）良性の,D,3
2426,intermittent,断続的な、時々とぎれる,D,3
2427,onlooker,傍観者,D,3
2428,spiral,らせんの,D,3
2429,evasion,回避、言い逃れ,D,3
2430,boost,（値を）引き上げる,D,3
2431,remorse,深い悔恨、自責の念,D,3
2432,cite,引用する,D,3
2433,missing,行方不明の,D,3
2434,oust,（権利などを）取り上げる、追放する,D,3
2435,purchasing power,購買力,D,3
2436,manipulate,巧みに操作する、改ざんする,D,3
2437,overwhelm,困惑させる、圧倒する、打ちのめす,D,3
2438,concession,譲歩,D,3
2439,prone,（ふつう悪い意味で）〜する傾向がある、うつぶせの,D,3
2440,tariff,関税、料金,D,3
2441,collaborate,共同して働く,D,3
2442,demystify,解明する、神秘性を取り除く,D,3
2443,utmost,最大限の,D,3
2444,itchy,かゆい、うずうずする,D,3
2445,perspective,観点、眺望、遠近法,D,3
2446,exhaustive,完全な、徹底的な,D,3
2447,testimony,証明、証言,D,3
2448,cuisine,料理（法）,D,3
2449,integral,不可欠な、完全無欠な、整数の、積分の,D,3
2450,requisite,必要な、必須の,D,3
2451,opportunist,日和見主義者,D,3
2452,legislation,（集合的に）法律、立法,D,3
2453,congruence,一致、調和,D,3
2454,grope,手探りする,D,3
2455,sympathy,思いやり、同情,D,3
2456,don,着る、かぶる,D,3
2457,ratify,批准する,D,3
2458,tantalize,じらす,D,3
2459,stipulate,明記する、規定する、要求する,D,3
2460,pregnant,妊娠した、意味深長な、創意工夫に富む,D,3
2461,clumsy,不器用な,D,3
2462,resonant,朗々とした、鳴り響く、反響する,D,3
2463,controversial,論争的な,D,3
2464,exquisite,この上なく素晴らしい、洗練された,D,3
2465,avalanche,雪崩,D,3
2466,multitude,多数,D,3
2467,preface,序文,D,3
2468,enigma,謎,D,3
2469,bureaucracy,官僚政治、官僚制度,D,3
2470,per capita,一人当たり（の）,D,3
2471,orientation,進路指導、オリエンテーション,D,3
2472,successive,連続する、次の,D,3
2473,interim,（the 〜）しばらくの間、合い間、一時の、仮の,D,3
2474,averse,（しばしば否定文で）嫌って、反対して,D,3
2475,subsidiary,子会社、補助員、補助的な、補助金による,D,3
2476,startle,驚かせる,D,3
2477,hefty,多量の、非常に重い,D,3
2478,incontrovertible,議論の余地のない、明白な,D,3
2479,prolific,多産の、豊かな,D,3
2480,stereotype,固定観念、決まり文句,D,3
2481,perpetual,永続的な,D,3
2482,stray,それる、脱線する、迷い出た、はぐれた,D,3
2483,dogmatic,独断的な、教義上の,D,3
2484,embezzle,横領する、使い込む,D,3
2485,statistics,統計学、（複数扱い）統計（資料）,D,3
2486,unleash,解放する、（感情などを）爆発させる、（犬の）鎖を外す,D,3
2487,diligence,勤勉,D,3
2488,inhibit,抑制する、（行動・発達などを）妨げる,D,3
2489,mountain lion,アメリカライオン、ピューマ、クーガー,D,3
2490,visionary,先見の明がある、夢想的な,D,3
2491,preponderance,（通例 a〜）（重量や数量での）優勢、優越,D,3
2492,canine,犬の（ような）、イヌ科の,D,3
2493,pliable,曲げやすい、適応性のある,D,3
2494,provincial,州の、地方の、粗野な,D,3
2495,smuggle,密輸する,D,3
2496,thorn,（バラなどの）とげ,D,3
2497,subsidize,補助金を支給する,D,3
2498,credential,（通例 〜s）信任状,D,3
2499,stagnant,よどんだ、活気がない,D,3
2500,disruption,混乱、中断、妨害,D,3
2501,token,しるし、象徴、記念品、トークン（地下鉄などの代用貨幣）,D,3
2502,induce,誘発する,D,3
2503,glimpse,ちらりと見えること、ちらりと見る,D,3
2504,sanction,認可、賛成、（通例〜s）制裁,D,3
2505,impulse,衝動,D,3
2506,luminary,発光体、権威者、名士,D,3
2507,rehabilitate,（けが人などの）健康をもとどおりにする、修復する,D,3
2508,rhetoric,効果的な話し方、修辞学,D,3
2509,gastric ulcer,胃潰瘍,D,3
2510,equilibrium,釣り合い、均衡、バランス、心の平静,D,3
2511,subsequent,続いて起こる、その後の,D,3
2512,underpin,（比喩的に）支える、補強する,D,3
2513,illusion,幻想、錯覚、幻影、まぼろし,D,3
2514,sporadic,散発的な、時々起こる,D,3
2515,founder,創設者、創立者、（計画・事業などが）失敗する、つぶれる,D,3
2516,exemplify,例証する、良い例となる,D,3
2517,idiosyncrasy,特異性、独特な性癖,D,3
2518,Uranus,天王星,D,3
2519,austere,厳しい、簡素な,D,3
2520,condolence,弔意、悔やみ、（通例〜s）哀悼の辞,D,3
2521,skeptic,懐疑論者、疑い深い人,D,3
2522,ambiguous,あいまいな、多義的な,D,3
2523,practitioner,開業者、弁護士、開業医、療法士,D,3
2524,lubricate,滑らかにする、潤滑油を差す,D,3
2525,revenue,収入、歳入,D,3
2526,purge,取り除く、一掃する,D,3
2527,traumatic,精神的外傷を引き起こす、外傷の,D,3
2528,convene,招集する,D,3
2529,legacy,遺産,D,3
2530,peer,（通例 〜s）同僚、凝視する,D,3
2531,squall,スコール、突風,D,3
2532,pretentious,うぬぼれた、これ見よがしの,D,3
2533,obsolete,古くなった、廃れた、退化した,D,3
2534,autonomous,自治権のある,D,3
2535,legitimate,正当な、合法的な,D,3
2536,definitive,最終的な、決定的な、完成した,D,3
2537,novelty,珍しさ、斬新さ、目新しいもの,D,3
2538,maritime,海事の、海の、沿岸に住む,D,3
2539,alert,用心深い、機敏な、警戒態勢に置く、警戒、警報,D,3
2540,recede,後退する、弱まる,D,3
2541,consequently,その結果（として）,D,3
2542,acquire,手に入れる、習得する,D,3
2543,extravagant,ぜいたくな、金遣いの荒い,D,3
2544,seep,（水などが）漏れる,D,3
2545,glitter,きらきら輝く,D,3
2546,additive,（食品などの）添加物、付加的な,D,3
2547,agenda,議事、議題、協議事項リスト,D,3
2548,intriguing,興味をそそる、好奇心をかきたてる,D,3
2549,massacre,大虐殺,D,3
2550,censor,検閲する,D,3
2551,outgoing,社交的な、外向的な,D,3
2552,fortress,要塞、とりで,D,3
2553,gloomy,憂うつな,D,3
2554,concede,認める、許す、譲歩する,D,3
2555,universal,普遍的な、一般的な、宇宙の,D,3
2556,lieu,場所,D,3
2557,preeminent,卓越した、優位の,D,3
2558,inflate,膨らませる、物価をつり上げる,D,3
2559,incomprehensible,理解できない、わかりにくい,D,3
2560,momentum,運動量、はずみ,D,3
2561,barren,不毛の,D,3
2562,pertinent,関連する、適切な,D,3
2563,elated,大得意の、意気盛んな,D,3
2564,mob,暴徒、群集,D,3
2565,jellyfish,クラゲ,D,3
2566,havoc,大混乱、大破壊,D,3
2567,eclectic,折衷的な、取捨選択からなる,D,3
2568,obstinate,頑固な、手に負えない,D,3
2569,standstill,（a 〜）停止、足踏み状態,D,3
2570,fervor,熱情、熱意,D,3
2571,tuberculosis,結核,D,3
2572,incisive,明敏な、鋭い,D,3
2573,nautical,航海の、船員の,D,3
2574,deplete,（資源などを）消耗［減耗］する、使い果たす,D,3
2575,defendant,被告,D,3
2576,improbable,ありそうもない、信じがたい,D,3
2577,decay,（徐々に）荒廃する、衰える、減衰する,D,3
2578,nectar,（植物の）蜜,D,3
2579,concise,簡潔な,D,3
2580,ascendancy,優位、支配,D,3
2581,lean,寄りかかる、傾ける,D,3
2582,gargle,うがいする,D,3
2583,abolish,廃止する,D,3
2584,devastate,荒廃させる、打ちのめす,D,3
2585,shudder,（恐怖などで）震える,D,3
2586,illiterate,読み書きのできない,D,3
2587,wedge,くさび、くさびで固定する、押し込む,D,3
2588,living standard,（通例 〜s）生活水準,D,3
2589,hypothetical,仮説に基づいた、仮定の,D,3
2590,plateau,高原、台地,D,3
2591,dismal,陰気な、憂うつな,D,3
2592,parameter,（測定可能な）要因、媒介変数、パラメーター,D,3
2593,phobia,恐怖症、病的恐怖［嫌悪］,D,3
2594,posterity,（one's 〜）子孫、（集合的に）後世の人々,D,3
2595,saturate,すっかり濡らす、満たす,D,3
2596,compensate,補償する,D,3
2597,fanaticism,熱狂、狂信,D,3
2598,provision,準備、食糧の供給、（法案などの）条項,D,3
2599,cease,やめる、終わる,D,3
2600,presumption,推測、推定,D,3
2601,suffocate,窒息する［させる］,D,3
2602,sore,痛い、いらいらして,D,3
2603,mystical,神秘的な、神秘主義の,D,3
2604,forbearance,差し控えること、忍耐、寛容,D,3
2605,imaginable,想像できる,D,3
2606,monumental,（程度が）途方もない、非常に大きい、壮大な、記念碑の、不朽の,D,3
2607,pueblo,プエブロ族、れんが造りの北米先住民の集落,D,3
2608,haphazard,でたらめの、偶然の、行き当たりばったりの,D,3
2609,precede,先導する、先んじる,D,3
2610,soothe,和らげる、なだめる,D,3
2611,prompt,迅速な、即座の,D,3
2612,depict,描く、描写する,D,3
2613,reservoir,貯水池、貯蔵所,D,3
2614,propriety,礼儀正しさ、作法、適切さ,D,3
2615,speculate,推測する、考える、投機する,D,3
2616,quota,割り当て、分担,D,3
2617,footnote,脚注,D,3
2618,outnumber,数で勝る、多い,D,3
2619,curtail,削減する、短縮する,D,3
2620,restless,眠れない、休まらない、不安な,D,3
2621,augment,増加［増大］させる［する］,D,3
2622,contingency,不測の事態、偶然性、臨時出費,D,3
2623,benevolent,慈悲深い、親切な,D,3
2624,scorch,（皮膚などを）焼く、焦がす,D,3
2625,burrow,（動物の）穴、隠れ場,D,3
2626,terminate,終わらせる、終結させる、終わる,D,3
2627,wax,ろう、ろうを塗る、ワックスをかける,D,3
2628,salient,目立った、顕著な,D,3
2629,perplex,当惑させる、困らせる,D,3
2630,provoke,怒らせる、引き起こす,D,3
2631,compatible,互換性のある、矛盾のない,D,3
2632,divert,そらす、迂回させる,D,3
2633,temporary,一時的な、臨時の,D,3
2634,lagoon,潟、小さな沼,D,3
2635,plague,疫病、伝染病、災害、異常発生、疫病にかからせる、悩ませる,D,3
2636,elaborate,詳しく説明する、念入りに作る、入念な、細心の,D,3
2637,consolidate,合併［統合］する、強固にする,D,3
2638,inert,不活性の、不活発な,D,3
2639,precise,正確な、精密な、はっきりした,D,3
2640,vowel,母音,D,3
2641,irrelevant,関係のない、見当違いの、的外れの,D,3
2642,trough,（波などの）谷間、（景気などの）底,D,3
2643,valid,有効な、合法的な、論理的な,D,3
2644,incentive,刺激、動機、誘因,D,3
2645,pathetic,痛ましい、哀れを誘う、みじめな、もの悲しい,D,3
2646,growl,（犬などが）うなる、怒鳴り声で言う,D,3
2647,expiration,（契約期間などの）満了、満期,D,3
2648,perfunctory,いい加減な、やる気のない,D,3
2649,forerunner,先駆者、前身、前ぶれ,D,3
2650,influenza,インフルエンザ,D,3
2651,prevail,広く行き渡る、流行している、圧倒する,D,3
2652,ascribe,（原因を）〜に帰する、〜のせいにする,D,3
2653,right angle,直角,D,3
2654,comply,（規則・基準などに）従う,D,3
2655,enhance,（価値・性能・魅力などを）高める、増す,D,3
2656,ponder,熟考する,D,3
2657,timid,臆病な,D,3
2658,bill,法案、請求書、請求書を送る,D,3
2659,hoist,つり上げる、持ち上げる,D,3
2660,pest,害虫、疫病,D,3
2661,obese,肥満した、太りすぎの,D,3
2662,fleet,艦隊、船団、すばやい、快速の,D,3
2663,manifest,明白な、はっきりとした、明らかにする,D,3
2664,foreshadow,〜の前兆となる、前もって示す,D,3
2665,menace,脅迫、おどし、脅威、危険人物,D,3
2666,ascend,上昇する、登る,D,3
2667,industrious,勤勉な,D,3
2668,trivial,ささいな、つまらない,D,3
2669,furor,熱狂、興奮、激怒,D,3
2670,indulge,甘やかす、（〜oneself）満喫する,D,3
2671,capricious,気まぐれな、移り気な,D,3
2672,introvert,内向的な、内向性の人,D,3
2673,retract,取り消す、引っ込める,D,3
2674,waive,（権利などを）自発的に放棄する,D,3
2675,monetary,通貨の、金融上の、金銭の,D,3
2676,concord,一致、調和、協調,D,3
2677,rebel,反逆者,D,3
2678,prototype,典型、模範、原型、試作品,D,3
2679,finite,限られた、有限の,D,3
2680,detached,公平な、独立した,D,3
2681,criterion,（判断・評価の）基準、標準,D,3
2682,satirical,風刺的な、皮肉な,D,3
2683,bold,大胆な、勇敢な,D,3
2684,compromise,妥協する、譲歩する,D,3
2685,hurl,強く投げつける、放り投げる,D,3
2686,attribute,（功績・結果などを）〜のせいと考える、〜に帰する,D,3
2687,turbulence,大荒れ、動乱、乱気流,D,3
2688,principal,（利子に対して）元金、校長、主要な,D,3
2689,concur,賛成する、同時に起こる,D,3
2690,install,取り付ける、設置する,D,3
2691,erroneous,誤った、間違った,D,3
2692,mandate,権限、命令、委任統治領にする、権限を与える,D,3
2693,still,じっとしている、静止した、なお、まだ,D,3
2694,rigor,厳しさ、過酷さ、厳密さ,D,3
2695,arduously,骨を折って、苦労して,D,3
2696,imposing,印象的な、人目を引く、堂々とした,D,3
2697,inertia,慣性、惰性、不活発、ものぐさ,D,3
2698,texture,（布地・皮膚などの）感触、手触り、織地,D,3
2699,imprudent,軽率な、思慮の浅い、無分別な,D,3
2700,perspire,発汗する、汗をかく,D,3
2701,extol,褒めちぎる、激賞する,D,3
2702,irreparable,（損害・損傷などが）修復できない、取り返しのつかない,D,3
2703,emit,（ガス・光・熱などを）発する、放出する,D,3
2704,withhold,差し控える、（税金などを）給料から差し引く,D,3
2705,dump,投棄する、捨てる,D,3
2706,consent,同意、承諾、一致、同意する,D,3
2707,renewal,更新、再開、再建,D,3
2708,expedite,はかどらせる、促進する,D,3
2709,notorious,悪名高い,D,3
2710,bedrock,基盤、基礎、根底,D,3
2711,pathology,病理学,D,3
2712,scramble,よじ登る、先を争う、よじ登ること、奪い合い,D,3
2713,didactic,教師然とした、教訓的な,D,3
2714,forgo,なしですませる、慎む,D,3
2715,beset,悩ませる、つきまとう,D,3
2716,aesthetic,美の、審美的な,D,3
2717,susceptible,影響を受けやすい、感染しやすい、感受性の強い,D,3
2718,compulsion,強制、衝動,D,3
2719,spectrum,スペクトル、波長、範囲,D,3
2720,partisan,熱心な支持者、同志、党派心の強い,D,3
2721,hug,抱き締める,D,3
2722,metabolism,代謝作用、新陳代謝,D,3
2723,frigid,極寒の、寒さが厳しい,D,3
2724,pervasive,隅々に広がった、浸透する、充満する,D,3
2725,retreat,退却する、後退する,D,3
2726,doom,運命づける,D,3
2727,apparatus,器具、装置,D,3
2728,erupt,噴火する、爆発する,D,3
2729,arbitrary,独断的な、恣意的な,D,3
2730,supplementary,追加の、補充的な,D,3
2731,commitment,責任、約束、献身,D,3
2732,literacy,読み書きの能力,D,3
2733,aggravate,悪化させる,D,3
2734,redefine,再評価する、再定義する,D,3
2735,heed,耳を傾ける、注意する、注意、留意,D,3
2736,apprehend,懸念する、恐れる、理解する,D,3
2737,roost,ねぐら、止まり木,D,3
2738,ignite,点火する,D,3
2739,adversary,敵、対戦相手,D,3
2740,denounce,公然と非難する,D,3
2741,particle,微粒子、細片,D,3
2742,foe,敵、かたき,D,3
2743,abbreviate,省略［短縮］する,D,3
2744,dilute,（液体などを）薄める、弱める,D,3
2745,jeopardy,危険,D,3
2746,linear,線形の、直線的な,D,3
2747,counterfeit,偽造の,D,3
2748,repertoire,レパートリー、上演目録、演奏曲目,D,3
2749,proliferation,急増、拡散,D,3
2750,fingerprint,指紋,D,3
2751,dissolution,消滅、分解、溶解、解散,D,3
2752,negligence,怠慢、手抜き、過失,D,3
2753,bankruptcy,倒産、破産,D,3
2754,reminiscence,回想、追憶、思い出,D,3
2755,prohibit,禁止する,D,3
2756,liquidate,（負債などを）清算する、（会社などを）整理する,D,3
2757,scar,傷跡、損なう,D,3
2758,diabetic,糖尿病の、糖尿病患者,D,3
2759,debris,がれき、破片、がらくた,D,3
2760,discriminating,識別力のある、差別的な,D,3
2761,sympathize,同情する,D,3
2762,plausible,もっともらしい,D,3
2763,ironic,皮肉な,D,3
2764,tumor,腫瘍,D,3
2765,tedious,（長くて）退屈な,D,3
2766,placid,穏やかな,D,3
2767,ethnology,民族学,D,3
2768,acclaim,賞賛する,D,3
2769,profound,深い、難解な,D,3
2770,disdain,軽蔑する、見下す、軽蔑、さげすみ,D,3
2771,vigor,精力、活力、活気、迫力,D,3
2772,treaty,（国家間の）条約、協定,D,3
2773,submit,提出する、服従させる,D,3
2774,rebut,反論する,D,3
2775,meteorology,気象学,D,3
2776,fortification,（しばしば 〜s）要塞、とりで,D,3
2777,discretion,思慮分別、慎重,D,3
2778,wander,ぶらつく、放浪する,D,3
2779,impromptu,即興の、準備なしの,D,3
2780,contagious,感染性の、移りやすい,D,3
2781,veterinarian,獣医,D,3
2782,refurbish,一新する、改装する,D,3
2783,aggregate,総計の、集合した、集計する、集合する、総計、集合体,D,3
2784,elastic,弾力性のある、融通性のある,D,3
2785,wary,用心深い、警戒して,D,3
2786,judicious,思慮分別のある、賢明な,D,3
2787,zinc,亜鉛,D,3
2788,vow,誓う、誓い,D,3
2789,converse,（しばしば the 〜）反対、逆、会話する,D,3
2790,strife,争い、不和、衝突,D,3
2791,remedy,治療、解決法,D,3
2792,corrupt,腐敗した、堕落した、贈賄する、堕落させる,D,3
2793,memorialize,記念する,D,3
2794,allocate,割り当てる、配分する,D,3
2795,sewer,下水道,D,3
2796,standpoint,見地、観点,D,3
2797,paleontology,古生物学,D,3
2798,haunt,たびたび訪れる、（幽霊などが）出没する,D,3
2799,compile,編集する、（資料などを）収集してまとめる,D,3
2800,uneasy,不安な,D,3
2801,acute,鋭い、とがった、急性の,D,3
2802,lick,なめる,D,3
2803,censure,非難、不信任、非難する,D,3
2804,crude,生の、粗野な、未完成の、大ざっぱな,D,3
2805,outlet,出口、吹き出し口、販売代理店,D,3
2806,relief,安心、軽減、除去,D,3
2807,acoustic,聴覚の,D,3
2808,compel,強制する,D,3
2809,hamper,邪魔する、妨げる,D,3
2810,nocturnal,夜行性の、夜の,D,3
2811,amiable,愛想の良い、好意的な,D,3
2812,reserve,保護区、蓄え、遠慮、準備金,D,3
2813,detect,見つける、感知する,B,3
2814,abrasive,研磨材、すりむく、すり減らす、無神経な,D,3
2815,striking,目立つ、著しい,D,3
2816,deadlock,行き詰まり,D,3
2817,archetype,原型、典型的な見本、模範,D,3
2818,consensus,（意見などの）一致、総意,D,3
2819,frown,渋い顔をする、眉をひそめる,D,3
2820,blast,爆破する、爆風、突風,D,3
2821,intact,無傷の、完全な姿で、手をつけられていない,D,3
2822,cohesive,結合力のある、粘着する,D,3
2823,acid,酸性の、酸,D,3
2824,bearish,弱気の、（熊のように）粗暴な,D,3
2825,indifferent,無関心な、中立の,D,3
2826,practicable,実行可能な、実用的な,D,3
2827,recession,不況、景気後退,D,3
2828,thatch,わらぶき屋根、屋根ふき材（わら、イグサ、シュロの葉など）,D,3
2829,maneuver,（車などの）巧みな操縦、作戦行動、巧みに動かす、巧みに操る,D,3
2830,antipathy,嫌悪、反感,D,3
2831,indigestion,消化不良,D,3
2832,obsess,（受身形で）（妄想・固定観念などに）取りつかれる、悩まされる,D,3
2833,conclusive,決定的な、最終的な,D,3
2834,acquisition,獲得、習得,D,3
2835,armored,装甲した,D,3
2836,condone,許す、大目に見る,D,3
2837,captivity,捕らわれの身、隷属、拘留,D,3
2838,turmoil,騒ぎ、騒動,D,3
2839,languish,みじめな生活をする、しぼむ、元気がなくなる,D,3
2840,uniformity,均一なこと、画一性,D,3
2841,patriot,愛国者,D,3
2842,constituency,（集合的に）有権者、選挙区,D,3
2843,narrative,物語風の、物語、話術,D,3
2844,embed,（通例受身形で）（心・記憶に）刻み込まれる、埋め込まれる,D,3
2845,banal,ありふれた、陳腐な,D,3
2846,contend,（困難などに）対処する、主張する,D,3
2847,rigid,厳格な、硬直した,D,3
2848,dissent,異議を唱える、不賛成、異議,D,3
2849,aloof,離れて、距離を置いて,D,3
2850,divorce,分離する、離婚する,D,3
2851,critical,批判的な、重大な,D,3
2852,somber,薄暗い、陰気な,D,3
2853,reminiscent,連想させる、追憶の,D,3
2854,landfill,ごみ埋め立て地,D,3
2855,expel,放出する、吐き出す、（学校・国などから）追放する,D,3
2856,sterilize,消毒［殺菌］する、不妊にする,D,3
2857,leak,（液体・ガスなどの）漏れ、漏れる、浸み出す,D,3
2858,apprehension,懸念、気遣い、理解（力）,D,3
2859,reclaimed land,開墾地、埋立地,D,3
2860,disposal,処分、処理、売却、配置,D,3
2861,mating season,繁殖期、交尾期,D,3
2862,corrosive,腐食性の、浸食する、むしばむ,D,3
2863,ameliorate,改善する,D,4
2864,atrophy,（医学用語で）萎縮、退化、衰退、萎縮する、衰退させる,D,4
2865,precinct,選挙区、管区、境界、周囲,D,4
2866,assimilate,同化する、消化吸収する,D,4
2867,motor neuron,運動ニューロン,D,4
2868,allay,静める、和らげる,D,4
2869,constrict,制限する、（筋肉などを）収縮させる,D,4
2870,endemic,（病気・現象などが）ある地方に特有の、風土性の,D,4
2871,trench,溝、堀,D,4
2872,angular,角張った,D,4
2873,hydrolysis,加水分解,D,4
2874,debacle,総崩れ、大失敗,D,4
2875,irremediable,不治の、治療不能の,D,4
2876,societal,社会的な,D,4
2877,opulent,たくさんの、豊富な,D,4
2878,discredit,（評判や信用を）落とす、信用しない、信用の失墜,D,4
2879,stout,丈夫な、頑丈な,D,4
2880,binary,2進法の、双対の,D,4
2881,circumvent,回避する、裏をかく、出し抜く,D,4
2882,Australopithecus africanus,（ヒト科の猿人）アウストラロピテクス・アフリカヌス,D,4
2883,boulder,（大きな）石、丸石,D,4
2884,scour,ごしごし洗う,D,4
2885,fiasco,（みじめな結末に終わる）大失敗,D,4
2886,viviparity,胎生,D,4
2887,abstinence,禁欲、自制,D,4
2888,vagrant,路上生活者、浮浪する,D,4
2889,sense organ,（目や耳などの）感覚器官,D,4
2890,cavern,洞窟,D,4
2891,morose,不機嫌な、むっつりした,D,4
2892,agitate,動揺させる、扇動する,D,4
2893,congenial,気の合う、性分に合った、快適な,D,4
2894,copious,多量の、（作家などが）多作の,D,4
2895,ebb,衰える、潮が引く、（通例 the 〜）引き潮,D,4
2896,topple,倒す、頭から倒れる、よろめく,D,4
2897,atypical,異常な、型にはまらない,D,4
2898,leeway,余裕、ゆとり、（強風で船などが進路から）風下にそれること,D,4
2899,postulate,仮定する、要求する、仮定、基礎条件,D,4
2900,emanate,（光・気体・考えなどが）発する、出る,D,4
2901,convection,（熱などの）対流,D,4
2902,entice,引きつける、誘惑する,D,4
2903,contravene,違反する、（法律・習慣などを）破る,D,4
2904,wane,衰える、（月が）欠ける,D,4
2905,ridge,尾根,D,4
2906,indefinite,限定されない、不定の、明確でない,D,4
2907,culprit,犯罪者、被告人,D,4
2908,impassive,無表情の、冷淡な、無感動の,D,4
2909,discrete,個別の、個々の,D,4
2910,nonchalant,無関心な、無頓着な,D,4
2911,dissipate,（霧などを）散らす,D,4
2912,caption,表題、見出し、（映画の）字幕、（通例受身形で）表題がつけられる,D,4
2913,chassis,（自動車などの）車台、シャシー,D,4
2914,opportune,ちょうど良い、適切な、好都合の,D,4
2915,acquiesce,（いやいやながら）従う、黙認する,D,4
2916,inane,ばかげた、味のない、空虚な,D,4
2917,allege,断言する、主張する,D,4
2918,gratify,喜ばせる、満足させる,D,4
2919,fiat,（権力者の）命令、布告,D,4
2920,engaging,（人を）引きつける、魅力がある,D,4
2921,decoy,おとり,D,4
2922,promulgate,公表する、発布する,D,4
2923,fumigate,（くん蒸）消毒する,D,4
2924,invulnerable,傷つくことのない、不死身の,D,4
2925,tyranny,暴政、専制政治,D,4
2926,recourse,頼ること、頼みにする人,D,4
2927,lineage,血族、血統、血筋,D,4
2928,shatter,壊滅する、粉々にする、くじく,D,4
2929,undisclosed,公表されていない、解明されていない,D,4
2930,petition,嘆願（書）、嘆願する,D,4
2931,complement,補足するもの、補語、（数学の）補数,D,4
2932,vocal cords,（解剖学で）声帯,D,4
2933,scourge,苦しみを引き起こす人［物］、天罰,D,4
2934,admonition,訓戒、警告,D,4
2935,weld,溶接、溶接する,D,4
2936,poignancy,鋭さ、感動,D,4
2937,odyssey,冒険旅行、長期の放浪,D,4
2938,typify,代表する、典型となる,D,4
2939,ruthless,無情な、冷酷な,D,4
2940,vagabond,放浪者、さすらい人、路上生活者、放浪する、さすらいの,D,4
2941,negation,否定、否認、打ち消し,D,4
2942,blanch,（恐怖などで）青ざめる、漂白する,D,4
2943,fetch,（行って）持ってくる、引き出す、売れる,D,4
2944,navel,中心部、へそ,D,4
2945,unequivocal,明白な、疑う余地のない,D,4
2946,bestow,授ける、与える,D,4
2947,stab,傷つける、刺す,D,4
2948,loath,気の進まない、嫌いで,D,4
2949,stifle,（反乱などを）鎮圧する、抑制する、窒息させる,D,4
2950,hypertension,高血圧,D,4
2951,axiom,原理、自明の理、（数学の）公理,D,4
2952,collateral,付帯的な、二次的な、並び合った、担保となる、担保、抵当,D,4
2953,weasel,イタチ,D,4
2954,assuage,静める、和らげる,D,4
2955,contraband,密売品、密輸、密輸の,D,4
2956,strenuous,精力的な、熱心な,D,4
2957,chasm,割れ目、隔たり,D,4
2958,notch,切り通し、山あいの細道、V字型の刻み目、刻み目を付ける,D,4
2959,lactic acid,乳酸,D,4
2960,circumspect,慎重な、用心深い、用意周到な,D,4
2961,collusion,共謀,D,4
2962,charisma,カリスマ的資質、教祖的存在,D,4
2963,pluck,摘む、引き抜く、むしり取る,D,4
2964,contingent,依存する、偶発的な、付随する,D,4
2965,coalesce,連合する、合体する,D,4
2966,ceremonious,儀式ばった、おごそかな,D,4
2967,loathe,ひどく嫌う,D,4
2968,contrite,悔い改めた、悔恨の,D,4
2969,transient,一時の、短期の、（滞在などが）短い,D,4
2970,retrospective,回顧的な、追想にふける,D,4
2971,entail,伴う、必要とする,D,4
2972,deter,抑制する、怖がらせて〜させない,D,4
2973,snare,わなで捕らえる、わな,D,4
2974,prospector,（鉱山の）探鉱者、試掘者,D,4
2975,murky,（川や水が）濁っている、暗くて陰気な,D,4
2976,accrue,（利子などを）獲得する,D,4
2977,abdicate,捨てる、放棄する,D,4
2978,wrench,ねじれ、ひねり、レンチ、つらさ、ねじる、くじく,D,4
2979,overpowering,耐え難い、抗しきれない,D,4
2980,untamed,飼い慣らされていない、自由な,D,4
2981,initiate,手ほどきをする、初歩を教える、始める、入会させる,D,4
2982,stall,店、馬屋,D,4
2983,public hygiene,公衆衛生,D,4
2984,amnesia,記憶喪失,D,4
2985,annuity,年金,D,4
2986,toll,通行料、使用料、死傷者数、ゆっくりと鐘を鳴らす,D,4
2987,blithe,不注意な、快活な、陽気な、楽しそうな,D,4
2988,kindred,同族の、同様の、親族、血縁,D,4
2989,allegedly,申し立てによると,D,4
2990,imbalance,不均衡,D,4
2991,repressive,抑圧的な,D,4
2992,thinker,思想家、思索家,D,4
2993,affidavit,宣誓供述書,D,4
2994,hindmost,最後部の,D,4
2995,subterranean,地下の、地中の、隠れた,D,4
2996,caprice,気まぐれ、移り気,D,4
2997,scant,乏しい、不十分な,D,4
2998,procure,確保する、調達する,D,4
2999,impotent,無力な、無益な,D,4
3000,severance,切断、分離、契約解除,D,4
3001,swindle,（金品を）だまし取る、詐欺を働く、詐欺、ペテン,D,4
3002,accolade,賞賛,D,4
3003,outfit,道具一式、装備,D,4
3004,malice,悪意,D,4
3005,supplant,取って代わる、押しのける,D,4
3006,shimmer,かすかに光る,D,4
3007,assent,同意、同意する,D,4
3008,agrarian,農業向上の、土地利用に関する,D,4
3009,autocrat,独裁者、専制君主、暴君,D,4
3010,sibling,（男女の区別なく）兄弟姉妹,D,4
3011,solvent,支払い能力のある、溶解力のある,D,4
3012,immutable,不変の、不易の,D,4
3013,dais,演壇、壇,D,4
3014,dynasty,王朝,D,4
3015,slough,ぬかるみ、沼地,D,4
3016,archaic,旧式な、古語の,D,4
3017,microscopic organism,微生物,D,4
3018,refutation,論破、反論、反証の事実,D,4
3019,reprimand,叱責、厳しく叱責する,D,4
3020,tackle,取り組む、渡り合う、タックルする、タックル,D,4
3021,spendthrift,浪費家、（通例限定用法）金遣いの荒い,D,4
3022,halcyon,穏やかな,D,4
3023,tumultuous,騒がしい、激しく動揺した,D,4
3024,conduit,（液体などの）導管、水路、溝,D,4
3025,bland,味気ない、当たり障りのない、穏やかな、薄味の,D,4
3026,reprove,叱る、戒める,D,4
3027,pheasant,（鳥の）キジ,D,4
3028,gruesome,恐ろしい、ぞっとする,D,4
3029,fidelity,誠実、忠節、貞節、事実そのままであること,D,4
3030,acquittal,無罪放免、釈放,D,4
3031,carat,カラット（宝石の重さを量る単位）,D,4
3032,vantage,有利な点、優勢,D,4
3033,relentless,厳しい、容赦ない,D,4
3034,hack,たたき切る、切り開いて進む,D,4
3035,confluence,（河川の）合流地点、融合,D,4
3036,heyday,（しばしば the〜）盛り、全盛期,D,4
3037,espouse,（主義や説などを）信奉［擁護、支持］する,D,4
3038,inimical,有害な、敵意のある、不利な,D,4
3039,perquisite,（しばしば 〜s）臨時収入、チップ、役得,D,4
3040,canvass,（投票などを）依頼して回る、（意見を）調査する,D,4
3041,ultimatum,最終提案、最後通告,D,4
3042,gist,（通例 the〜）要点、主旨,D,4
3043,lag,停滞する、衰える、遅れる,D,4
3044,equine,ウマ科の、馬の,D,4
3045,irreconcilable,対立する、和解［妥協］できない,D,4
3046,fraudulent,不正な、詐欺的な、いかさまの,D,4
3047,fastidious,口うるさい、気難しい、潔癖な,D,4
3048,spare,使い惜しみする、労を惜しむ、予備の、スペアの,D,4
3049,trite,ありふれた、使い古された、陳腐な,D,4
3050,wisp,（干し草などの）小さい束,D,4
3051,appropriation,割り当て、歳出予算,D,4
3052,overrun,はびこる、侵略する、あふれる,D,4
3053,allude,ほのめかす、それとなく言う,D,4
3054,glaze,（焼き物に）うわ薬をかける、（窓や額縁に）ガラスをはめる、うわ薬,D,4
3055,molt,（羽毛の）生え代わり、脱皮、（殻・羽毛などを）脱ぐ,D,4
3056,minuteman,（独立革命時の）民兵、（M-）ミニットマン（米国の大陸間弾道弾）,D,4
3057,disband,（組織や軍隊などを）解散する,D,4
3058,malignant,（病気・腫瘍などが）悪性の、悪意のある,D,4
3059,hallmark,特徴、純度検証刻印、品質保証、品質を保証する,D,4
3060,womb,子宮,D,4
3061,cog,歯車、（歯車の）歯,D,4
3062,coax,説得して〜させる、なだめる,D,4
3063,simulated,模造の、まねた,D,4
3064,tint,色合い,D,4
3065,excise,摘出する、切り取る,D,4
3066,phosphorus,燐,D,4
3067,rococo,ロココ様式,D,4
3068,discrepancy,相違、食い違い,D,4
3069,haughtiness,ごう慢、高慢,D,4
3070,,無効な、無意味な,D,4
3071,amble,ぶらぶら歩く,D,4
3072,auxiliary,補助の,D,4
3073,groove,溝、慣例、しきたり,D,4
3074,fervent,熱心な、熱烈な、激しい,D,4
3075,sag,沈下する、くじける、下落する,D,4
3076,laud,賛美、賞賛、賞賛する,D,4
3077,insubordinate,従順でない、反抗的な、言うことを聞かない,D,4
3078,unkempt,だらしない,D,4
3079,euphonious,響きのよい、耳に快い、音色の美しい,D,4
3080,transcend,越える、勝る,D,4
3081,imminent,（良くないことが）差し迫った、今にも起こりそうな,D,4
3082,indignation,怒り、憤り、義憤,D,4
3083,torment,苦痛,D,4
3084,attentive,気を配った、注意深い、大切にする,D,4
3085,filmy,（布などが）非常に薄い、薄膜状の、かすんだ,D,4
3086,physiological,生理学上の,D,4
3087,taciturn,無言の、むっつりした,D,4
3088,infiltrate,潜入する、浸透する、染み込む,D,4
3089,aorta,大動脈,D,4
3090,infraction,（法律・規則などの）違反、違反行為,D,4
3091,constituent,構成する、選挙権のある,D,4
3092,abhor,嫌う,D,4
3093,propagate,広める、伝播する、増殖する,D,4
3094,incumbent,現職の、義務である,D,4
3095,plunge,突っ込む、投げ込む、飛び込む,D,4
3096,rupture,破裂、不和、破裂させる、裂く,D,4
3097,mire,ぬかるみ、泥沼、泥にはまる、苦境に陥れる,D,4
3098,streak,すばやく動く、筋を付ける、細長い線、一筋,D,4
3099,till,耕す,D,4
3100,irreverence,不敬、非礼、軽視,D,4
3101,pit,（against 〜）（〜と）対抗させる、穴を開ける、くぼみ、採掘場,D,4
3102,brazen,厚かましい、真ちゅうの,D,4
3103,incidence,負担、（事故や病気などの）発生、（影響の）範囲,D,4
3104,salvage,海難救助、（沈没船の）引き揚げ,D,4
3105,countermeasure,対応策,D,4
3106,urine,尿,D,4
3107,frenetic,熱狂した、逆上した,D,4
3108,insomnia,不眠症,D,4
3109,treatise,（学術）論文,D,4
3110,anthropoid,類人猿、（動物が）人間に似た,D,4
3111,alienate,遠ざける、不和にする,D,4
3112,steadfast,忠実な、しっかりした,D,4
3113,amnesty,恩赦,D,4
3114,piety,信心、敬けん、敬けんな行い,D,4
3115,adversity,不運、不幸,D,4
3116,lure,誘惑する、誘い込む、（通例 the 〜）人を引き付ける力、魅力、疑似餌（ルアー）,D,4
3117,overdue,期限が過ぎた、延着した、未払いの,D,4
3118,quiver,震える、揺れる,D,4
3119,locus,軌跡,D,4
3120,weird,奇妙な、不思議な、この世のものと思えない,D,4
3121,touchstone,基準、試金石,D,4
3122,colossal,巨大な、驚くべき、途方もない,D,4
3123,lope,飛び跳ねる、大股で歩く,D,4
3124,illicit,不法の、禁制の,D,4
3125,darkroom,（写真現像用の）暗室,D,4
3126,alchemy,錬金術,D,4
3127,oration,演説、式辞,D,4
3128,methodology,方法論,D,4
3129,inexplicable,不可解な、説明できない,D,4
3130,inflict,（損害を）与える、（傷を）負わせる,D,4
3131,unilateral,一方的な、単独の,D,4
3132,insularity,島（国）であること、島国根性、狭量,D,4
3133,cleavage,（受精卵の）卵割、裂けること,D,4
3134,cohesion,粘着、結合,D,4
3135,wade,歩いて渡る、苦労して進む,D,4
3136,funnel,じょうご,D,4
3137,odds,（通例 the 〜）可能性、見込み、確率、賭け率,D,4
3138,inflammation,炎症,D,4
3139,irrevocable,取り返しのつかない、呼び戻せない,D,4
3140,incongruous,その場に合わない、矛盾する,D,4
3141,plywood,合板、ベニヤ板,D,4
3142,mutation,突然変異,D,4
3143,gorge,峡谷、腹一杯に詰め込む,D,4
3144,snicker,忍び笑いする,D,4
3145,despot,専制君主、暴君,D,4
3146,ragtime,ラグタイム,D,4
3147,inexorable,避け難い、不変の、動じない,D,4
3148,aseptic,無菌の、腐敗菌が付いていない,D,4
3149,sundry,雑多な、種々さまざまの,D,4
3150,bilateral,二国間の、双方の、両側のある,D,4
3151,pretext,口実、弁解,D,4
3152,manifesto,政策、宣言書,D,4
3153,diversion,気分転換、気晴らし、そらす、気晴らしをさせる,D,4
3154,chaste,純潔な、貞節な、（考えなどが）慎み深い、上品な,D,4
3155,segmentation,（細胞の）卵割、分割、分裂,D,4
3156,censorious,批判的な、口やかましい、あら探しの好きな,D,4
3157,mural painting,壁画,D,4
3158,preconception,先入観、偏見,D,4
3159,buoyancy,浮力,D,4
3160,encompass,含む、取り囲む,D,4
3161,abject,惨めな、軽蔑に値する,D,4
3162,personify,体現する、人格化する,D,4
3163,complacent,自己満足の、悦に入った,D,4
3164,rustic,素朴な、田舎の、田園の,D,4
3165,equitable,公平な、公正な、正当な,D,4
3166,birth rate,出生率,D,4
3167,regale,喜ばせる、楽しませる,D,4
3168,debilitate,衰弱させる,D,4
3169,staunch,がっしりした、丈夫な,D,4
3170,laconic,簡潔な、簡明な,D,4
3171,intractable,手に負えない、強情な,D,4
3172,furtively,こっそり、ひそかに,D,4
3173,arbitration,仲裁,D,4
3174,loom,そびえる、（織機で）織る、織機,D,4
3175,impartial,公平な、えこひいきのない,D,4
3176,debase,（評判などを）落とす、低下させる,D,4
3177,portent,兆候、前兆、先触れ,D,4
3178,grapple,取り組む、引っ掛ける、つかみ合う,D,4
3179,undulating,緩やかに起伏する,D,4
3180,responsiveness,共鳴しやすいこと、敏感さ,D,4
3181,relinquish,断念する、放す、緩める,D,4
3182,binocular,（〜s）双眼鏡,D,4
3183,mollusk,（貝類やイカ・タコなどの）軟体動物,D,4
3184,recurrent,頻発する、再発する、繰り返し起こる,D,4
3185,tonsil,扁桃腺,D,4
3186,etymology,語源、語の由来、語源学,D,4
3187,expedient,役立つ、都合のよい、利己的な,D,4
3188,correlation,相互関係、関連,D,4
3189,saline,塩分を含んだ、塩辛い,D,4
3190,trajectory,軌道、弾道,D,4
3191,playwright,脚本家、劇作家,D,4
3192,conciliation,慰め、調停,D,4
3193,reiterate,反復する,D,4
3194,guise,外観、見せかけ,D,4
3195,purport,趣旨、要旨、意味,D,4
3196,punitive,過酷な、罰の,D,4
3197,guile,狡猾、ずるさ,D,4
3198,squarely,はっきりと、公平に、まともに,D,4
3199,condominium,分譲マンション、コンドミニアム,D,4
3200,pendulum,振り子,D,4
3201,acumen,鋭さ、洞察力,D,4
3202,increment,増加（量）、増大、増額、利益、所得,D,4
3203,warrant,保証する、正当な理由となる,D,4
3204,roam,歩き回る,D,4
3205,cellulose,セルロース（繊維素）,D,4
3206,edifice,（宮殿などの立派な）大建築物、体系,D,4
3207,entity,実在するもの、実体、存在、企業,D,4
3208,poise,釣り合い、落ち着き、姿勢、釣り合いを保つ,D,4
3209,plod,こつこつ働く［勉強する］、とぼとぼ歩く,D,4
3210,pageant,野外劇、ページェント、山車,D,4
3211,concentric,同心の、中心が同じの,D,4
3212,destitute,困窮した、欠いている,D,4
3213,robust,強い、強健な、がっしりとした,D,4
3214,cryptic,秘密の、隠された、謎めいた,D,4
3215,accomplice,共犯者,D,4
3216,epic,勇壮な、叙事詩,D,4
3217,propensity,傾向、性向,D,4
3218,jurisprudence,法学、法律学,D,4
3219,perseverance,忍耐、根気、不屈の努力,D,4
3220,sedentary,固着性の、定住性の、座っている,D,4
3221,digression,（主題から）脱線すること,D,4
3222,askew,斜めに、ゆがんで、斜めの、ゆがんだ,D,4
3223,harass,悩ませる、苦しめる,D,4
3224,ramification,（物事の）結果、成り行き、枝分かれ、分岐,D,4
3225,exponential,（変化などが）急激な,D,4
3226,reproach,とがめる、責める、しかる、（穏やかな）叱責、非難,D,4
3227,preamble,序文、前置き,D,4
3228,degenerate,衰える、堕落する、悪化する,D,4
3229,unaided eye,肉眼、裸眼,D,4
3230,regime,政治体制、政府、政権,D,4
3231,astral,星の、星形の、星についての,D,4
3232,lichen,（岩などに付く）コケ、（植物の）地衣類,D,4
3233,stammer,口ごもる、口ごもり、どもること,D,4
3234,transcribe,書き写す、複写する,D,4
3235,plight,苦境、固く約束する、婚約する,D,4
3236,quarantine,（伝染病予防のための）隔離、検疫、隔離する,D,4
3237,aptitude,才能、適性,D,4
3238,incessant,絶え間ない、ひっきりなしの,D,4
3239,moat,堀,D,4
3240,checkered,波瀾万丈の、変化に富んだ,D,4
3241,animosity,憎しみ、敵意,D,4
3242,innocuous,無害の,D,4
3243,exonerate,免除する、開放する,D,4
3244,climactic,最高潮の、クライマックスの,D,4
3245,disputatious,論争好きな,D,4
3246,fitful,断続的な、気まぐれの,D,4
3247,protract,長引かせる,D,4
3248,pinnacle,（the 〜）頂点、高峰,D,4
3249,sniff,鼻でくんくん嗅ぐ,D,4
3250,apex,頂点,D,4
3251,senile,ぼけた、老齢による,D,4
3252,lenient,寛大な、情け深い,D,4
3253,mow,（草などを）刈る,D,4
3254,flee,（迫害などから）逃れる,D,4
3255,intoxicate,酔わせる、夢中にさせる、興奮させる、中毒にする,D,4
3256,suppleness,しなやかさ、柔軟性,D,4
3257,plethora,過多,D,4
3258,caricature,風刺漫画、風刺画、風刺する,D,4
3259,knead,こねる、練る、もむ,D,4
3260,mute,音を消す,D,4
3261,listless,物憂い、元気のない,D,4
3262,deciduous tree,落葉樹,D,4
3263,aeronautics,航空学,D,4
3264,smelt,（金属を）精錬する、溶解する,D,4
3265,incredulous,信じようとしない,D,4
3266,surveillance,監視、見張り,D,4
3267,waddle,（アヒルなどが）よちよち歩く,D,4
3268,distill,蒸留する、したたらせる、したたる,D,4
3269,herculean,非常に困難な、怪力無双の（ヘラクレスの様な）,D,4
3270,buzzword,（専門家のもったいぶった）愛用語、キャッチフレーズ、スローガン,D,4
3271,constipation,便秘、沈滞,D,4
3272,muse,物思いにふける、熟考する,D,4
3273,espionage,スパイ行為［活動］,D,4
3274,propulsion,（船などの）推進力,D,4
3275,altruistic,利他的な,D,4
3276,marshal,（陸・空軍の）司令官,D,4
3277,flip,指先ではじく,D,4
3278,nitric acid,硝酸,D,4
3279,frustrate,失望させる、（計画や努力などを）挫折させる、やる気をくじく,D,4
3280,disinterested,公平な、私心のない、興味のない,D,4
3281,intimidate,威嚇する、脅迫する,D,4
3282,adjoin,隣接する,D,4
3283,tributary,（川の）支流,D,4
3284,reckon,思う、計算する,D,4
3285,snarl,怒鳴る、うなる,D,4
3286,detrimental,有害な、不利益な,D,4
3287,abate,和らげる、減ずる、無効にする,D,4
3288,nurture,はぐくむ、しつける、育てる,D,4
3289,replete,豊富に備えた、満腹した,D,4
3290,repudiate,拒絶［拒否］する,D,4
3291,litigation,訴訟,D,4
3292,tenure,（大学教授などの）在職権、（財産・地位などの）保有,D,4
3293,deforestation,森林伐採,D,4
3294,outcry,叫び声、怒鳴り声,D,4
3295,lionize,もてはやす、名士扱いする,D,4
3296,willow,ヤナギ,D,4
3297,glandular,腺の,D,4
3298,rebuff,拒絶、挫折、拒絶する,D,4
3299,redress,正すこと、矯正措置,D,4
3300,hydrophobia,恐水病、狂犬病,D,4
3301,molasses,糖みつ,D,4
3302,extrovert,外向的な、社交的な、外向的な人,D,4
3303,chauvinist,（熱狂的）愛国主義者,D,4
3304,azure,空色、青空、空色の,D,4
3305,indignity,侮辱、冷遇,D,4
3306,indissoluble,溶解［分解］できない、解消できない、不変の,D,4
3307,aquiline,ワシの（ような）、ワシのくちばしのように曲がった,D,4
3308,wag,（尾などを）振る、（尾などが）揺れる,D,4
3309,apogee,遠地点（月・人工衛星が地球と最も離れる点）、絶頂、極点,D,4
3310,inequity,不公平、不公正、公平さを欠く行為,D,4
3311,adorn,飾る,D,4
3312,covenant,契約、誓約、盟約、契約する,D,4
3313,ungrateful,恩知らずの,D,4
3314,substantive,大量の、実在の、独立した,D,4
3315,torpid,休眠［冬眠］した、不活発な、無気力な,D,4
3316,resurrect,復活させる,D,4
3317,earthy,素朴な、率直な、土の、現実的な,D,4
3318,despondent,失望した、元気のない,D,4
3319,depravity,堕落、腐敗,D,4
3320,hypnosis,催眠（状態［術］）,D,4
3321,saliva,唾液,D,4
3322,meridian,子午線、（人生の）全盛期,D,4
3323,grandiloquence,大言壮語、自慢,D,4
3324,lucre,悪銭、金もうけ、利益,D,4
3325,matriculation,大学入学許可、（大学に）入学する,D,4
3326,exalt,昇進させる、褒める,D,4
3327,affected,気取った、影響を受けた、不自然な,D,4
3328,monstrosity,巨大建造物、奇怪さ,D,4
3329,overcast,覆い隠す、陰らせる、一面に曇った,D,4
3330,fatalism,運命論,D,4
3331,moraine,（氷）堆積、モレーン,D,4
3332,conglomeration,（異質なものが）一つにまとまること、集合体,D,4
3333,icon,像、肖像、聖像［画］,D,4
3334,trilobite,三葉虫,D,4
3335,actuate,駆り立てる、作動させる,D,4
3336,blight,害する、枯らす、胴枯れ病,D,4
3337,fortitude,我慢強さ、不屈の精神,D,4
3338,stalactite,（上から下がる）鍾乳石,D,4
3339,reproductive organ,生殖器官,D,4
3340,arrow tip,矢じり,D,4
3341,cataclysm,社会的大変動、激変、大洪水,D,4
3342,deride,あざける、ばかにする,D,4
3343,credo,信条,D,4
3344,mundane,ありふれた、日常の、現世の,D,4
3345,distraught,ろうばいした、気もそぞろの,D,4
3346,plenary,全員出席の、完全な、絶対的な,D,4
3347,rampant,蔓延した、激しい、乱暴な,D,4
3348,venomous snake,毒ヘビ,D,4
3349,spew,（煙などを）吐き出す,D,4
3350,cram,詰め込む,D,4
3351,rebate,（支払い金の一部の）払い戻し、リベート,D,4
3352,abyss,深海、底なしの深み、深淵、（心の）奥底,D,4
3353,hominid,ヒト科の動物、ヒト科の,D,4
3354,deviate,外れる、それる,D,4
3355,retaliation,仕返し、報復,D,4
3356,creed,（宗教上の）信条、主義、綱領,D,4
3357,luster,光沢、つや,D,4
3358,asthma,ぜんそく,D,4
3359,disinfectant,消毒剤,D,4
3360,nuance,（意味や感情などの）微妙な差異、ニュアンス,D,4
3361,feint,ふりをすること、フェイント,D,4
3362,bleak,荒涼とした、寂しい、寒々とした、吹きさらしの,D,4
3363,repercussion,反響、影響、反射,D,4
3364,inanimate,生命のない、活気のない,D,4
3365,subdue,制圧する、抑制する、和らげる,D,4
3366,demolish,（理論・議論などを）くつがえす、取り壊す,D,4
3367,cupidity,どん欲、強欲,D,4
3368,franchise,（通例 the〜）参政権、選挙権、独占販売権、フランチャイズ制,D,4
3369,humus,腐植土,D,4
3370,synchronous,同時の,D,4
3371,extrude,押し出す、（型から押し出して）成形する,D,4
3372,euphemism,婉曲な表現,D,4
3373,compound eye,（昆虫の）複眼,D,4
3374,comatose,昏睡状態の、無気力な,D,4
3375,maniacal,熱狂的な,D,4
3376,consonance,調和、協和音、一致,D,4
3377,forte,得意なこと、おはこ,D,4
3378,depreciate,価値を下げる、見くびる,D,4
3379,allegory,寓話、例え話,D,4
3380,mannerism,マンネリズム（文体・方法などが型にはまること）,D,4
3381,vane,風向計,D,4
3382,infantile,幼児らしい、子どもじみた,D,4
3383,repeal,（法的に）無効にする、無効、破棄、廃止,D,4
3384,trepidation,恐怖、不安,D,4
3385,corrugated,波形の付いた、ひだの付いた,D,4
3386,fraternal society,（大学などの）友愛組合,D,4
3387,fresco,フレスコ画法、フレスコ壁画,D,4
3388,avert,（視線・考えなどを）そらす、そむける、よける,D,4
3389,default,不履行、怠慢、（義務を）怠る,D,4
3390,succulent,（サボテンなどの）多肉植物,D,4
3391,parity,同等、均等、等価、平価,D,4
3392,bequeath,遺贈する,D,4
3393,anachronism,時代錯誤,D,4
3394,roster,名簿,D,4
3395,sensuous,感性に訴える、敏感な,D,4
3396,affable,気軽に話せる、愛想のよい,D,4
3397,transgression,違反、犯罪,D,4
3398,squander,浪費する,D,4
3399,stumble,つまずく、よろめく、口ごもる、つまずくこと、間違い,D,4
3400,pyrite,黄鉄鉱,D,4
3401,viral,ウイルス性の,D,4
3402,inkling,うすうす感づくこと、ほのめかし,D,4
3403,agglomeration,固まりになること、塊,D,4
3404,conditioning,条件付け,D,4
3405,infuse,（希望などで）満たす、（思想などを）染み込ませる,D,4
3406,Occident,（the 〜）西洋,D,4
3407,gainsay,（人の意見などを）否定する,D,4
3408,amorphous,無定形の、あいまいな、非結晶質の,D,4
3409,scribble,（ぞんざいに）走り書きをする,D,4
3410,disinclination,嫌気,D,4
3411,repository,倉庫、貯蔵所,D,4
3412,grimace,しかめっ面、しかめっ面をする,D,4
3413,circumscribe,制限する、（図形を）外接させる,D,4
3414,rail,非難する、ののしる、悪態をつく、さくで仕切る、横木、レール,D,4
3415,dichotomy,二分すること,D,4
3416,meditation,瞑想、熟慮,D,4
3417,influx,流入、河口,D,4
3418,arbiter,（紛争などの）調停者、仲裁人,D,4
3419,incarnation,化身、権化、具体化,D,4
3420,garble,誤って伝える、（事実などを）曲げる,D,4
3421,engender,生じる、発生させる,D,4
3422,stud,種馬,D,4
3423,devious,遠回りの、曲がりくねった,D,4
3424,crescendo,次第に増すこと、クレッシェンド（の楽節）、次第に強まる、クレッシェンドで［の］,D,4
3425,forsake,（悪習などを）やめる、放棄する、見捨てる,D,4
3426,diagonal,対角線,D,4
3427,depot,停車場、貯蔵所,D,4
3428,exacting,厳格な、厳しい、（仕事などが）骨の折れる、つらい,D,4
3429,causal,原因となる、原因の,D,4
3430,phonetics,音声学、発声学,D,4
3431,meek,柔和な、おとなしい,D,4
3432,mixed breed,雑種,D,4
3433,summon,召喚する、要求する、呼び出し、召喚（状）,D,4
3434,assorted,さまざまな、類別した、詰め合わせた,D,4
3435,mediocre,並の、二流の、良くも悪くもない,D,4
3436,bourgeois,中［有］産階級の人、ブルジョア、中産階級の、資本主義の,D,4
3437,salutary,ためになる、有益な、健康によい,D,4
3438,hue,色、色合い,D,4
3439,indolent,怠惰な,D,4
3440,reactionary,反動主義者、保守主義者、反動的な,D,4
3441,muddle,混乱させる、ごたまぜにする、もたもたする,D,4
3442,obelisk,オベリスク（古代エジプトの記念碑）,D,4
3443,protozoa,原生動物,D,4
3444,complicity,共謀、共犯,D,4
3445,astute,機敏な、抜け目のない,D,4
3446,polygon,多角形,D,4
3447,delineate,（輪郭を）描く、図で表す,D,4
3448,concoct,調合［調理］する、でっち上げる、陰謀などをたくらむ,D,4
3449,override,（決定などを）くつがえす、（命令や権利などを）無視する、受けつけない,D,4
3450,ephemeral,つかの間の、1日限りの,D,4
3451,lethargic,眠気を誘う、眠い,D,4
3452,gastronomy,美食法、食道楽,D,4
3453,ruin,遺跡、廃墟、荒廃、破壊、台無しにする、破壊する,D,4
3454,patronize,ひいきにする、保護する、後援、保護,D,4
3455,manifold,多数の、多面的な,D,4
3456,disparity,不均衡、相違,D,4
3457,tendon,腱,D,4
3458,brevity,短さ、簡潔さ,D,4
3459,interdict,差し止める、禁止する、禁止、禁令,D,4
3460,irrepressible,こらえ切れない、制止できない,D,4
3461,obsession,（妄想などに）取りつかれること,D,4
3462,defoliation,落葉、枯葉作戦,D,4
3463,myopic,近視眼的な、近視の,D,4
3464,infirmity,虚弱、病弱、柔弱,D,4
3465,caliber,（人の）力量、（銃砲や管の）口径、（弾丸の）直径,D,4
3466,bisect,二等分する,D,4
3467,confiscate,没収する、押収する、差し押さえる,D,4
3468,temporize,決定を遅らせる、あいまいな態度をとる、妥協する,D,4
3469,ornate,装飾された、飾り立てた,D,4
3470,subliminal,潜在意識の,D,4
3471,instrumental,助けになって、（〜の）手段になって,D,4
3472,axis,軸,D,4
3473,exuberance,豊富、繁茂,D,4
3474,freak,気まぐれ、ファン,D,4
3475,evoke,（記憶や感情などを）呼び起こす、引き起こす,D,4
3476,exemplary,模範的な、立派な、典型となる,D,4
3477,cubicle,（研究用などの）小個室、仕切った場所,D,4
3478,recessive gene,劣性遺伝子,D,4
3479,precarious,不安定な、危険な,D,4
3480,breathtaking,あっと言わせるような、はらはらするような,D,4
3481,throng,群集、集合、群がる,D,4
3482,belie,（感情などを）隠す、正しく伝えない,D,4
3483,cache,隠し場所、貯蔵所、隠しておいた物、隠す、貯蔵する,D,4
3484,arbitrate,仲裁する、調停する,D,4
3485,immobility,不動、静止,D,4
3486,dispassionate,冷静な,D,4
3487,dwindle,だんだん衰える、小さくなる,D,4
3488,astrology,占星術,D,4
3489,straddle,（馬などに）またがる、両足を広げる,D,4
3490,fallible,間違いを犯すことのある、誤りやすい,D,4
3491,ascetic,禁欲的な、苦行の、苦行僧,D,4
3492,grievance,不平、苦情、不満の種,D,4
3493,aver,断言する、明言する,D,4
3494,artifice,策略、たくらみ、巧みな手段、器用さ、巧妙さ,D,4
3495,courier,急使、運搬人、特使、添乗員,D,4
3496,drudgery,退屈なつらい仕事、骨折り仕事、雑役,D,4
3497,manor,荘園（制度）,D,4
3498,fluffy,毛羽立った、ふわふわした,D,4
3499,vicarious,（他人の経験を通して）自分のことのように感じられる、代理の,D,4
3500,eerie,不気味な、気味の悪い,D,4
3501,mercurial,変わりやすい、移り気の,D,4
3502,stringent,厳格な、厳しい,D,4
3503,condescend,恩着せがましい態度をとる、へりくだる,D,4
3504,inarticulate,はっきりしない、（発音が）不明瞭な,D,4
3505,traverse,渡る、横切る、詳しく考察する、横断,D,4
3506,compassion,哀れみ,D,4
3507,terse,簡潔な,D,4
3508,nuke,核兵器、核攻撃する,D,4
3509,rite,儀式、典礼,D,4
3510,indisputable,明白な、確実な、議論の余地のない,D,4
3511,connotation,言外の意味、含意,D,4
3512,breach,（法・約束などの）違反、不履行,D,4
3513,hireling,雇われ人、働く人,D,4
3514,multilingual,多数の言語を話す、多数の言語を話せる人,D,4
3515,rejuvenate,活性化させる、元気を回復させる、（人を）若返らせる、若返る,D,4
3516,harrow,開墾する、悩ます,D,4
3517,prune,（木の枝などを）刈り込む、（毛並みなどを）整える,D,4
3518,congenital,（病気などが）先天的な、生まれつきの,D,4
3519,magnify,拡大する,D,4
3520,protrude,突き出る、突き出す,D,4
3521,coincidental,（偶然に）一致して、同時発生の,D,4
3522,adherent,味方、支持者,D,4
3523,slick,滑りやすい、しゃれた,D,4
3524,vehement,激しい、強烈な,D,4
3525,effervescent,活気に満ちた、興奮した,D,4
3526,deluge,大洪水、氾濫、（通例受身形で）（人・場所に）殺到する,D,4
3527,remediable,修復できる、治療できる,D,4
3528,derivative,派生的な、創造性のない,D,4
3529,hoof,（ウマなどの）ひづめ,D,4
3530,renege,（約束などを）破る、背く,D,4
3531,erudite,博学な,D,4
3532,emaciated,やせ衰える、やつれる,D,4
3533,soggy,ふやけた、ずぶ濡れの,D,4
3534,insidious,陰険な、（病気などが）潜行性の,D,4
3535,frontal lobe,（脳の）前頭葉,D,4
3536,nucleotide,（DNAやRNAを構成する単位の）ヌクレオチド,D,4
3537,stamina,根気、スタミナ,D,4
3538,imperturbable,冷静な、動じない,D,4
3539,assiduous,精を出す、勤勉な、根気のある,D,4
3540,perceptive,洞察力の鋭い、知覚力のある,D,4
3541,enervate,衰える、力を弱める、気力を奪う,D,4
3542,windfall,たなぼた、意外な授かりもの,D,4
3543,benefactor,恩人、（慈善事業などの）後援者,D,4
3544,resurgent,よみがえる、生き返る、再起［復活］した,D,4
3545,translucent,（光を通す）半透明の,D,4
3546,ventilate,換気を行う,D,4
3547,subduct,（プレートが他のプレートの）下に潜り込む、のぞく、除去する,D,4
3548,frenzied,熱狂した、非常に興奮した,D,4
3549,chamber,（生物体内の）小室、房、（the 〜）（立法機関などの）議院、会議所,D,4
3550,mold,かび、腐植土、鋳型、型にはめて成形する,D,4
3551,ventral fin,腹ビレ,D,4
3552,antibiotic,（通例 〜s）抗生物質、抗生物質の,D,4
3553,keynote,主音、要旨、強調する,D,4
3554,reimburse,払い戻す、返済する、弁償する,D,4
3555,perturb,不安にする、心配させる、混乱させる,D,4
3556,disseminate,普及させる、まき散らす,D,4
3557,recipient,受取人,D,4
3558,hew,切る、切り倒す,D,4
3559,taxonomy,生物分類学,D,4
3560,introspective,内省的な、内省の,D,4
3561,reverent,敬虔な、うやうやしい,D,4
3562,generality,概論、一般論、(the〜)大多数、普遍性,D,4
3563,gregarious,群生する、社交的な,D,4
3564,clandestine,秘密の、内密の、陰での,D,4
3565,inborn,生まれつきの、生来の,D,4
3566,imperative,必須の、強制的な、命令的な、避けられない,D,4
3567,wizardry,魔法、魔術,D,4
3568,twitter,(鳥の)さえずり、おしゃべり、(小鳥が)さえずる,D,4
3569,sublime,荘厳な、最高の、崇高な,D,4
3570,repulse,撃退する、はねつける、撃退、拒絶,D,4
3571,pastoral,牧歌的な、羊飼いの,D,4
3572,summation,合計、要約,D,4
3573,taste bud,(舌の上にある味覚器官)味蕾,D,4
3574,deterrent,妨害物、戦争抑止力、思いとどまらせる、防ぐ,D,4
3575,festive,祭り気分の、祭りの、祝いの,D,4
3576,goodwill,好意、営業権,D,4
3577,ulcer,潰瘍,D,4
3578,lax,だらしない、厳しくない,D,4
3579,desolate,荒れ果てた、孤独な、寂しい、荒廃させる,D,4
3580,discordant,調和しない,D,4
3581,abstruse,難解な、難しい,D,4
3582,crop rotation,輪作,D,4
3583,compact,契約、盟約、小型の,D,4
3584,furnace,（溶鉱）炉,D,4
3585,aspiration,熱望、向上心,D,4
3586,inadvertent,軽率な、不注意な、故意でない,D,4
3587,whimsical,風変わりな、移り気な、気まぐれな,D,4
3588,nauseate,吐き気を催させる［催す］,D,4
3589,ancillary,副次的な,D,4
3590,adept,熟達した,D,4
3591,stupefy,仰天させる、ぼう然とさせる,D,4
3592,acrimonious,激しい、きつい、辛らつな,D,4
3593,arrear,（通例 〜s）遅れ、滞納金、延滞金,D,4
3594,tycoon,大君、将軍、大物,D,4
3595,bailout,緊急（経済）援助、落下傘降下,D,4
3596,array,整列させる、配置する、正装させる、ずらりと並んだもの、勢ぞろい,D,4
3597,distress,悩み、苦痛、疲労、貧困、苦しめる,D,4
3598,deduce,推測する、（真理などを）演繹する,D,4
3599,unwieldy,扱いにくい、厄介な,D,4
3600,outermost,最も外側の,D,4
3601,antecedent,先行する、先行詞、先行する事情,D,4
3602,commensurate,釣り合いのとれた、見合った、同じ大きさの、同程度の,D,4
3603,orifice,開口部、口、穴,D,4
3604,mislead,誤って導く、迷わせる、欺く,D,4
3605,publicity,宣伝、広告、周知（の状態）,D,4
3606,affix,貼る、添付する,D,4
3607,luxuriant,繁茂している、肥沃な,D,4
3608,dint,くぼみ、へこみ、打ち跡、（たたいて）へこませる,D,4
3609,indebted,恩義がある、負債がある,D,4
3610,raze,（町・建物などを）完全に破壊する,D,4
3611,corroborate,裏付ける、強固なものにする,D,4
3612,dispel,（心配などを）晴らす、（霧などを）追い払う,D,4
3613,ennui,倦怠感、アンニュイ,D,4
3614,smolder,（薪などが）くすぶる,D,4
3615,polity,政治形態、統治組織,D,4
3616,blandishment,（しばしば 〜s）お世辞、甘言,D,4
3617,atone,（罪などの）償いをする、罪をあがなう,D,4
3618,chiefdom,首長制（国家）,D,4
3619,mock,あざける、ばかにする,D,4
3620,brainstorming,ブレーンストーミング（学習や会議のときに各自が自由にアイデアを出し合う方法）,D,4
3621,inverse,逆の、反対の、逆のもの、正反対,D,4
3622,reprehensible,非難されるべき、叱責に値する,D,4
3623,prodigious,素晴らしい、感嘆すべき、巨大な,D,4
3624,crevice,（岩などの）割れ目,D,4
3625,impeach,告発［非難］する、問いただす,D,4
3626,duplicity,二枚舌、不誠実,D,4
3627,glossy,つややかな、光沢のある,D,4
3628,nasal cavity,鼻腔,D,4
3629,coup,大当たり、大成功、クーデター,D,4
3630,bogus,偽の,D,4
3631,malicious,悪意のある、意地の悪い,D,4
3632,proclamation,宣言、布告,D,4
3633,conspiracy,陰謀,D,4
3634,bronchitis,気管支炎,D,4
3635,remnant,残された物、遺物、面影,D,4
3636,antiquated,時代遅れの、古風な,D,4
3637,trapper,猟師、わなを仕掛ける人,D,4
3638,rebuke,非難する、なじる,D,4
3639,inscrutable,不可思議な、計り知れない、謎めいた,D,4
3640,sprawl,（都市などが無計画に）広がる、手足を伸ばして寝る,D,4
3641,beneficiary,恩恵（利益）を受ける人、（年金などの）受取人,D,4
3642,irrational number,無理数,D,4
3643,gauche,不器用な、ぎこちない、気の利かない,D,4
3644,misconstrue,誤って解釈する、誤解する,D,4
3645,antagonistic,敵対する,D,4
3646,pierce,突き通す、穴を開ける,D,4
3647,homage,敬意、服従,D,4
3648,conformity,一致、調和,D,4
3649,frivolity,浅はか、軽薄,D,4
3650,exodus,大移動、大量出国,D,4
3651,reciprocal,相互の、互恵的な、お返しの,D,4
3652,conditioned reflex,条件反射,D,4
3653,dissonance,不調和な点、不一致,D,4
3654,abusive,罵倒の、口汚い、乱用の,D,4
3655,interminable,長たらしい、果てしない,D,4
3656,decelerate,（速度を）落とす、遅くする、（速度が）落ちる,D,4
3657,stigma,汚名,D,4
3658,protocol,外交儀礼、条約案,D,4
3659,sinewy,筋骨たくましい、筋っぽい,D,4
3660,ideology,イデオロギー、政治的主張,D,4
3661,miserly,欲深い、けちな,D,4
3662,gentility,しつけの良さ、上品さ、洗練、家柄の良さ,D,4
3663,brusque,にべもない、ぶっきらぼうの、無愛想な,D,4
3664,graphic,生々しい、生き生きとした、図表を用いた、グラフィックの,D,4
3665,engross,（通例受身形で）没頭する、夢中にさせる,D,4
3666,gestation period,妊娠期間,D,4
3667,fodder,（干し草・わらなどの）家畜の飼料、かいば、まぐさ、飼料を与える,D,4
3668,adulation,お世辞、追従、賛美,D,4
3669,degradation,格下げ、降格、（品位などの）下落、堕落,D,4
3670,provisional,仮の、臨時の、暫定的な,D,4
3671,anecdote,逸話、秘話,D,4
3672,amphitheater,（古代ローマなどの）円形劇場、円形盆地,D,4
3673,interstellar,恒星間の、星と星の間の,D,4
3674,gray matter,（脳の）灰白質,D,4
3675,stoic,禁欲的な、冷静な,D,4
3676,audacious,勇敢な、大胆不敵な、無礼な,D,4
3677,sinuous,しなやかな、曲がりくねった,D,4
3678,lull,収まる、和らぐ、（子どもを）寝かしつける,D,4
3679,rancor,怨恨、強い憎しみ,D,4
3680,ferocity,どう猛さ,D,4
3681,capsize,転覆する［させる］,D,4
3682,extraneous,無関係な、外部からの,D,4
3683,blur,（光景などを）ぼんやりさせる、ぼんやり見える物、汚れ,D,4
3684,irate,怒った,D,4
3685,bellicose,好戦的な、けんか早い,D,4
3686,controvert,反論する、論争する,D,4
3687,contraction,収縮,D,4
3688,watershed,川の流域、分水嶺,D,4
3689,interferon,インターフェロン,D,4
3690,outstrip,上回る、凌駕する,D,4
3691,painstaking,労を惜しまない、丹念な,D,4
3692,contentious,議論を起こす、論争好きな,D,4
3693,gratuity,心づけ、チップ、（除隊時の）報奨金,D,4
3694,exasperate,いら立たせる、怒らせる,D,4
3695,mar,損なう、傷つける,D,4
3696,jettison,（積み荷などを）投げ捨てる,D,4
3697,icicle,つらら、冷たい人,D,4
3698,esoteric,難解な、内密の、深遠な,D,4
3699,belittle,小さく見せる、軽視する、けなす,D,4
3700,clairvoyance,千里眼、透視力,D,4
3701,cynical,皮肉な、冷笑的な,D,4
3702,connoisseur,（美術品・ワインなどの）鑑定家、目利き,D,4
3703,ballast,（船を安定させるために積む）底荷、（気球の）砂袋、（鉄道・道路に敷く）バラス、砂利,D,4
3704,oviparity,卵生,D,4
3705,decry,非難する、けなす,D,4
3706,polarize,二分する、分極化する、分裂させる,D,4
3707,flagrant,目にあまる、名うての,D,4
3708,precursor,先駆者、前兆,D,4
3709,impeccable,完璧な、非の打ちどころがない,D,4
3710,noxious,有害な、健康に悪い,D,4
3711,annihilate,全滅させる、負かす、（法律などを）無効にする,D,4
3712,acquit,無罪を言い渡す、（義務から）解放する,D,4
3713,glutton,大食漢、熱心な人,D,4
3714,pathos,哀感、哀調,D,4
3715,distend,膨張させる,D,4
3716,cerebral,理知的な、（大）脳の、頭脳的な,D,4
3717,granulated,粒状の、ざらざらした,D,4
3718,adroit,巧妙な、機敏な、器用な,D,4
3719,voracious,貪欲な,D,4
3720,longevity,長寿、寿命,D,4
3721,irresolute,優柔不断な、決断力のない,D,4
3722,enumerate,列挙する、数え上げる,D,4
3723,binary star,2連星,D,4
3724,iterate,繰り返す,D,4
3725,pedagogic,教育学的な、学者ぶった,D,4
3726,sheer,全くの、純然たる、完全な、薄地の,D,4
3727,extricate,解放する、救い出す,D,4
3728,encroachment,侵入、侵害、浸食,D,4
3729,bedraggled,汚れた、ぬれた,D,4
3730,acidulous,辛らつな、少し酸味のある,D,4
3731,drone,雄バチ、怠け者、低音,D,4
3732,implausible,信じ難い、本当とは思えない,D,4
3733,perennial plant,多年生植物（草本）,D,4
3734,dissertation,学位［博士］論文,D,4
3735,dexterous,器用な、熟練した,D,4
3736,proxy,代理（人）、委任（状）,D,4
3737,insectivore,食虫動（植）物,D,4
3738,numerator,（分数の）分子,D,4
3739,rife,はびこって、広まって、満ちて,D,4
3740,cardboard,ボール紙、厚紙,D,4
3741,deduct,差し引く、控除する,D,4
3742,abase,へりくだる、地位を下げる,D,4
3743,neurosis,神経症、ノイローゼ,D,4
3744,amalgamate,合併する、合同する,D,4
3745,piling,（通例 〜s）（集合的に）杭、杭打ち工事,D,4
3746,resin,樹脂、松ヤニ,D,4
3747,moratorium,（政府などによる弁済に関する）一時停止、支払猶予,D,4
3748,tenet,教義、主義,D,4
3749,delude,だます、欺く,D,4
3750,swine,ブタ、不快なもの,D,4
3751,euphoria,幸福感、無上の喜び,D,4
3752,chisel,（像などを）彫る、不正をする、のみ,D,4
3753,rescind,（法律や契約などを）無効にする、取り消す,D,4
3754,persecute,（通例受身形で）迫害する、（しつこく）せがむ,D,4
3755,secede,（政党などから）脱退する,D,4
3756,pragmatist,実用主義者,D,4
3757,nadir,どん底、天底,D,4
3758,acclimate,慣れる、慣らす、適応する,D,4
3759,untangle,解決する、ほどく,D,4
3760,superfluous,余分な、過分の、不必要な,D,4
3761,daunt,威圧する、（気力を）くじく、ひるむ,D,4
3762,sidereal,恒星の、星の、星座の,D,4
3763,bicker,口論する,D,4
3764,homestead,自営農場、家屋敷,D,4
3765,torrent,急流、（〜s）土砂降り,D,4
3766,vilify,けなす、中傷する,D,4
3767,extemporaneous,（演説・演技などが）即興の、即席の,D,4
3768,malnutrition,栄養失調,D,4
3769,adjunct,付属物、助手、補助員、（文法の）修飾語句、付属の、補助の,D,4
3770,generic,一般的な、後発の、総称的な,D,4
3771,wrangle,口論する、激しい口論、論争,D,4
3772,income distribution,所得配分,D,4
3773,ration,支給、配給、配給する,D,4
3774,culpable,とがめられるべき,D,4
3775,stagger,よろめく、よろめかせる、ためらう,D,4
3776,conjecture,推測、憶測、推測する,D,4
3777,calligraphy,書道、上手に字を書くこと,D,4
3778,excrete,排泄する,D,4
3779,bombastic,大げさな、大言壮語の,D,4
3780,ibis,（鳥の）トキ,D,4
3781,clockwise,時計回りの（に）,D,4
3782,inter,（通例受身形で）埋葬する、埋める,D,4
3783,tact,機転、如才なさ,D,4
3784,amenity,快適さ、心地よさ、（複数形で）娯楽設備、礼儀,D,4
3785,exorcise,追い払う、はらい清める,D,4
3786,rumination,（ウシなどの）反芻、沈思黙考,D,4
3787,circumlocution,回りくどい話し方、婉曲的な表現,D,4
3788,subside,（風などが）和らぐ、（土地などが）低下する,D,4
3789,citrus fruit,（グレープフルーツなどの）柑橘類,D,4
3790,antibody,（通例 -bodies）（病原菌に対する）抗体,D,4
3791,amass,集める、積む、蓄える,D,4
3792,porcelain,磁器,D,4
3793,narcotic,（しばしば 〜s）麻酔薬、麻薬、麻酔の、催眠性の,D,4
3794,hail,ひょう、あられ、歓迎する、大声で呼びかける,D,4
3795,centrist,中道主義者、中道派議員,D,4
3796,hemorrhage,（多量）出血,D,4
3797,sprain,捻挫、くじく、捻挫する,D,4
3798,caucus,（米国大統領候補者などを決定する）党員集会、（政党の）幹部会,D,4
3799,dehydration,脱水（症状）,D,4
3800,ostentation,見せびらかすこと、誇示,D,4
